,key_bbref,yearID,gameNum,gameID,teamID,lgID,GP,startingPos,name_last,name_first,Name,keyname
1,rodriiv01,2000,0,NLS200007110,TEX,AL,1,2,rodriguez,ivan,ivan rodriguez,ivan rodriguez2000
2,giambja01,2000,0,NLS200007110,OAK,AL,1,3,giambi,jason,jason giambi,jason giambi2000
3,alomaro01,2000,0,NLS200007110,CLE,AL,1,4,alomar,roberto,roberto alomar,roberto alomar2000
4,frymatr01,2000,0,NLS200007110,CLE,AL,1,5,fryman,travis,travis fryman,travis fryman2000
5,jeterde01,2000,0,NLS200007110,NYA,AL,1,6,jeter,derek,derek jeter,derek jeter2000
6,evereca01,2000,0,NLS200007110,BOS,AL,1,7,everett,carl,carl everett,carl everett2000
7,willibe02,2000,0,NLS200007110,NYA,AL,1,8,williams,bernie,bernie williams,bernie williams2000
8,dyeje01,2000,0,NLS200007110,KCA,AL,1,9,dye,jermaine,jermaine dye,jermaine dye2000
10,batisto01,2000,0,NLS200007110,TOR,AL,1,,batista,tony,tony batista,tony batista2000
11,bordimi01,2000,0,NLS200007110,BAL,AL,1,,bordick,mike,mike bordick,mike bordick2000
12,delgaca01,2000,0,NLS200007110,TOR,AL,1,,delgado,carlos,carlos delgado,carlos delgado2000
13,durhara01,2000,0,NLS200007110,CHA,AL,1,,durham,ray,ray durham,ray durham2000
14,erstada01,2000,0,NLS200007110,LAA,AL,1,,erstad,darin,darin erstad,darin erstad2000
16,garcino01,2000,0,NLS200007110,BOS,AL,1,,garciaparra,nomar,nomar garciaparra,nomar garciaparra2000
17,glaustr01,2000,0,NLS200007110,LAA,AL,1,,glaus,troy,troy glaus,troy glaus2000
21,lawtoma02,2000,0,NLS200007110,MIN,AL,1,,lawton,matt,matt lawton,matt lawton2000
23,martied01,2000,0,NLS200007110,SEA,AL,1,,martinez,edgar,edgar martinez,edgar martinez2000
25,mcgrifr01,2000,0,NLS200007110,TBA,AL,1,,mcgriff,fred,fred mcgriff,fred mcgriff2000
26,ordonma01,2000,0,NLS200007110,CHA,AL,1,,ordonez,magglio,magglio ordonez,magglio ordonez2000
27,posadjo01,2000,0,NLS200007110,NYA,AL,1,,posada,jorge,jorge posada,jorge posada2000
28,ramirma02,2000,0,NLS200007110,CLE,AL,0,,ramirez,manny,manny ramirez,manny ramirez2000
29,ripkeca01,2000,0,NLS200007110,BAL,AL,0,,ripken,cal,cal ripken,cal ripken2000
31,rodrial01,2000,0,NLS200007110,SEA,AL,0,,rodriguez,alex,alex rodriguez,alex rodriguez2000
33,sweenmi01,2000,0,NLS200007110,KCA,AL,1,,sweeney,mike,mike sweeney,mike sweeney2000
35,kendaja01,2000,0,NLS200007110,PIT,NL,1,2,kendall,jason,jason kendall,jason kendall2000
36,galaran01,2000,0,NLS200007110,ATL,NL,1,3,galarraga,andres,andres galarraga,andres galarraga2000
37,kentje01,2000,0,NLS200007110,SFN,NL,1,4,kent,jeff,jeff kent,jeff kent2000
38,jonesch06,2000,0,NLS200007110,ATL,NL,1,5,jones,chipper,chipper jones,chipper jones2000
39,larkiba01,2000,0,NLS200007110,CIN,NL,1,6,larkin,barry,barry larkin,barry larkin2000
40,guerrvl01,2000,0,NLS200007110,MON,NL,1,7,guerrero,vladimir,vladimir guerrero,vladimir guerrero2000
41,edmonji01,2000,0,NLS200007110,SLN,NL,1,8,edmonds,jim,jim edmonds,jim edmonds2000
42,sosasa01,2000,0,NLS200007110,CHN,NL,1,9,sosa,sammy,sammy sosa,sammy sosa2000
43,alfoned01,2000,0,NLS200007110,NYN,NL,1,,alfonzo,edgardo,edgardo alfonzo,edgardo alfonzo2000
44,bondsba01,2000,0,NLS200007110,SFN,NL,0,,bonds,barry,barry bonds,barry bonds2000
46,cirilje01,2000,0,NLS200007110,COL,NL,1,,cirillo,jeff,jeff cirillo,jeff cirillo2000
48,finlest01,2000,0,NLS200007110,ARI,NL,1,,finley,steve,steve finley,steve finley2000
49,gilesbr02,2000,0,NLS200007110,PIT,NL,1,,giles,brian,brian giles,brian giles2000
50,girarjo01,2000,0,NLS200007110,CHN,NL,0,,girardi,joe,joe girardi,joe girardi2000
53,griffke02,2000,0,NLS200007110,CIN,NL,0,,griffey,ken,ken griffey,ken griffey2000
54,hammoje01,2000,0,NLS200007110,COL,NL,1,,hammonds,jeffrey,jeffrey hammonds,jeffrey hammonds2000
55,heltoto01,2000,0,NLS200007110,COL,NL,1,,helton,todd,todd helton,todd helton2000
57,jonesan01,2000,0,NLS200007110,ATL,NL,1,,jones,andruw,andruw jones,andruw jones2000
60,liebemi01,2000,0,NLS200007110,PHI,NL,1,,lieberthal,mike,mike lieberthal,mike lieberthal2000
62,mcgwima01,2000,0,NLS200007110,SLN,NL,0,,mcgwire,mark,mark mcgwire,mark mcgwire2000
63,piazzmi01,2000,0,NLS200007110,NYN,NL,0,,piazza,mike,mike piazza,mike piazza2000
64,renteed01,2000,0,NLS200007110,SLN,NL,1,,renteria,edgar,edgar renteria,edgar renteria2000
66,sheffga01,2000,0,NLS200007110,LAN,NL,1,,sheffield,gary,gary sheffield,gary sheffield2000
67,vidrojo01,2000,0,NLS200007110,MON,NL,1,,vidro,jose,jose vidro,jose vidro2000
70,rodriiv01,2001,0,ALS200107100,TEX,AL,1,2,rodriguez,ivan,ivan rodriguez,ivan rodriguez2001
71,olerujo01,2001,0,ALS200107100,SEA,AL,1,3,olerud,john,john olerud,john olerud2001
72,boonebr01,2001,0,ALS200107100,SEA,AL,1,4,boone,bret,bret boone,bret boone2001
73,rodrial01,2001,0,ALS200107100,TEX,AL,1,5,rodriguez,alex,alex rodriguez,alex rodriguez2001
74,ripkeca01,2001,0,ALS200107100,BAL,AL,1,6,ripken,cal,cal ripken,cal ripken2001
75,ramirma02,2001,0,ALS200107100,BOS,AL,1,7,ramirez,manny,manny ramirez,manny ramirez2001
76,suzukic01,2001,0,ALS200107100,SEA,AL,1,8,suzuki,ichiro,ichiro suzuki,ichiro suzuki2001
77,gonzaju03,2001,0,ALS200107100,CLE,AL,1,9,gonzalez,juan,juan gonzalez,juan gonzalez2001
78,martied01,2001,0,ALS200107100,SEA,AL,1,10,martinez,edgar,edgar martinez,edgar martinez2001
79,alomaro01,2001,0,ALS200107100,CLE,AL,1,,alomar,roberto,roberto alomar,roberto alomar2001
80,camermi01,2001,0,ALS200107100,SEA,AL,1,,cameron,mike,mike cameron,mike cameron2001
81,clarkto02,2001,0,ALS200107100,DET,AL,1,,clark,tony,tony clark,tony clark2001
82,garcifr02,2001,0,ALS200107100,SEA,AL,1,,,,,2001
83,giambja01,2001,0,ALS200107100,OAK,AL,1,,giambi,jason,jason giambi,jason giambi2001
84,glaustr01,2001,0,ALS200107100,LAA,AL,1,,glaus,troy,troy glaus,troy glaus2001
85,guzmacr01,2001,0,ALS200107100,MIN,AL,1,,guzman,cristian,cristian guzman,cristian guzman2001
86,jeterde01,2001,0,ALS200107100,NYA,AL,1,,jeter,derek,derek jeter,derek jeter2001
90,ordonma01,2001,0,ALS200107100,CHA,AL,1,,ordonez,magglio,magglio ordonez,magglio ordonez2001
93,posadjo01,2001,0,ALS200107100,NYA,AL,1,,posada,jorge,jorge posada,jorge posada2001
98,sweenmi01,2001,0,ALS200107100,KCA,AL,1,,sweeney,mike,mike sweeney,mike sweeney2001
99,vaughgr01,2001,0,ALS200107100,TBA,AL,0,,vaughn,greg,greg vaughn,greg vaughn2001
100,willibe02,2001,0,ALS200107100,NYA,AL,1,,williams,bernie,bernie williams,bernie williams2001
102,piazzmi01,2001,0,ALS200107100,NYN,NL,1,2,piazza,mike,mike piazza,mike piazza2001
103,heltoto01,2001,0,ALS200107100,COL,NL,1,3,helton,todd,todd helton,todd helton2001
104,kentje01,2001,0,ALS200107100,SFN,NL,1,4,kent,jeff,jeff kent,jeff kent2001
105,jonesch06,2001,0,ALS200107100,ATL,NL,1,5,jones,chipper,chipper jones,chipper jones2001
106,aurilri01,2001,0,ALS200107100,SFN,NL,1,6,aurilia,rich,rich aurilia,rich aurilia2001
107,bondsba01,2001,0,ALS200107100,SFN,NL,1,7,bonds,barry,barry bonds,barry bonds2001
108,gonzalu01,2001,0,ALS200107100,ARI,NL,1,8,gonzalez,luis,luis gonzalez,luis gonzalez2001
109,sosasa01,2001,0,ALS200107100,CHN,NL,1,9,sosa,sammy,sammy sosa,sammy sosa2001
110,walkela01,2001,0,ALS200107100,COL,NL,1,10,walker,larry,larry walker,larry walker2001
111,aloumo01,2001,0,ALS200107100,HOU,NL,1,,alou,moises,moises alou,moises alou2001
112,berkmla01,2001,0,ALS200107100,HOU,NL,1,,berkman,lance,lance berkman,lance berkman2001
114,caseyse01,2001,0,ALS200107100,CIN,NL,1,,casey,sean,sean casey,sean casey2001
115,floydcl01,2001,0,ALS200107100,FLO,NL,1,,floyd,cliff,cliff floyd,cliff floyd2001
116,gilesbr02,2001,0,ALS200107100,PIT,NL,1,,giles,brian,brian giles,brian giles2001
117,guerrvl01,2001,0,ALS200107100,MON,NL,1,,guerrero,vladimir,vladimir guerrero,vladimir guerrero2001
119,johnsch04,2001,0,ALS200107100,FLO,NL,1,,johnson,charles,charles johnson,charles johnson2001
120,kleskry01,2001,0,ALS200107100,SDN,NL,1,,klesko,ryan,ryan klesko,ryan klesko2001
123,nevinph01,2001,0,ALS200107100,SDN,NL,1,,nevin,phil,phil nevin,phil nevin2001
125,pujolal01,2001,0,ALS200107100,SLN,NL,1,,pujols,albert,albert pujols,albert pujols2001
127,rolliji01,2001,0,ALS200107100,PHI,NL,1,,rollins,jimmy,jimmy rollins,jimmy rollins2001
133,posadjo01,2002,0,NLS200207090,NYA,AL,1,2,posada,jorge,jorge posada,jorge posada2002
134,giambja01,2002,0,NLS200207090,NYA,AL,1,3,giambi,jason,jason giambi,jason giambi2002
135,soriaal01,2002,0,NLS200207090,NYA,AL,1,4,soriano,alfonso,alfonso soriano,alfonso soriano2002
136,hillesh02,2002,0,NLS200207090,BOS,AL,1,5,hillenbrand,shea,shea hillenbrand,shea hillenbrand2002
137,rodrial01,2002,0,NLS200207090,TEX,AL,1,6,rodriguez,alex,alex rodriguez,alex rodriguez2002
138,ramirma02,2002,0,NLS200207090,BOS,AL,1,7,ramirez,manny,manny ramirez,manny ramirez2002
139,hunteto01,2002,0,NLS200207090,MIN,AL,1,8,hunter,torii,torii hunter,torii hunter2002
140,suzukic01,2002,0,NLS200207090,SEA,AL,1,9,suzuki,ichiro,ichiro suzuki,ichiro suzuki2002
141,anderga01,2002,0,NLS200207090,LAA,AL,1,,anderson,garret,garret anderson,garret anderson2002
142,batisto01,2002,0,NLS200207090,BAL,AL,1,,batista,tony,tony batista,tony batista2002
144,damonjo01,2002,0,NLS200207090,BOS,AL,1,,damon,johnny,johnny damon,johnny damon2002
145,fickro01,2002,0,NLS200207090,DET,AL,1,,fick,robert,robert fick,robert fick2002
146,garcifr02,2002,0,NLS200207090,SEA,AL,1,,,,,2002
147,garcino01,2002,0,NLS200207090,BOS,AL,1,,garciaparra,nomar,nomar garciaparra,nomar garciaparra2002
150,jeterde01,2002,0,NLS200207090,NYA,AL,1,,jeter,derek,derek jeter,derek jeter2002
151,konerpa01,2002,0,NLS200207090,CHA,AL,1,,konerko,paul,paul konerko,paul konerko2002
153,pierzaj01,2002,0,NLS200207090,MIN,AL,1,,,,,2002
156,sweenmi01,2002,0,NLS200207090,KCA,AL,1,,sweeney,mike,mike sweeney,mike sweeney2002
157,tejadmi01,2002,0,NLS200207090,OAK,AL,1,,tejada,miguel,miguel tejada,miguel tejada2002
159,venturo01,2002,0,NLS200207090,NYA,AL,1,,ventura,robin,robin ventura,robin ventura2002
160,vizquom01,2002,0,NLS200207090,CLE,AL,1,,vizquel,omar,omar vizquel,omar vizquel2002
161,winnra01,2002,0,NLS200207090,TBA,AL,1,,winn,randy,randy winn,randy winn2002
164,piazzmi01,2002,0,NLS200207090,NYN,NL,1,2,piazza,mike,mike piazza,mike piazza2002
165,heltoto01,2002,0,NLS200207090,COL,NL,1,3,helton,todd,todd helton,todd helton2002
166,vidrojo01,2002,0,NLS200207090,MON,NL,1,4,vidro,jose,jose vidro,jose vidro2002
167,rolensc01,2002,0,NLS200207090,PHI,NL,1,5,rolen,scott,scott rolen,scott rolen2002
168,rolliji01,2002,0,NLS200207090,PHI,NL,1,6,rollins,jimmy,jimmy rollins,jimmy rollins2002
169,bondsba01,2002,0,NLS200207090,SFN,NL,1,7,bonds,barry,barry bonds,barry bonds2002
170,guerrvl01,2002,0,NLS200207090,MON,NL,1,8,guerrero,vladimir,vladimir guerrero,vladimir guerrero2002
171,sosasa01,2002,0,NLS200207090,CHN,NL,1,9,sosa,sammy,sammy sosa,sammy sosa2002
172,berkmla01,2002,0,NLS200207090,HOU,NL,1,,berkman,lance,lance berkman,lance berkman2002
173,castilu01,2002,0,NLS200207090,FLO,NL,1,,castillo,luis,luis castillo,luis castillo2002
174,dunnad01,2002,0,NLS200207090,CIN,NL,1,,dunn,adam,adam dunn,adam dunn2002
177,gonzalu01,2002,0,NLS200207090,ARI,NL,1,,gonzalez,luis,luis gonzalez,luis gonzalez2002
178,greensh01,2002,0,NLS200207090,LAN,NL,1,,green,shawn,shawn green,shawn green2002
179,hernajo01,2002,0,NLS200207090,MIL,NL,1,,hernandez,jose,jose hernandez,jose hernandez2002
182,jonesan01,2002,0,NLS200207090,ATL,NL,1,,jones,andruw,andruw jones,andruw jones2002
184,lowelmi01,2002,0,NLS200207090,FLO,NL,1,,lowell,mike,mike lowell,mike lowell2002
185,milleda02,2002,0,NLS200207090,ARI,NL,1,,miller,damian,damian miller,damian miller2002
191,santibe01,2002,0,NLS200207090,SFN,NL,1,,santiago,benito,benito santiago,benito santiago2002
192,sexsori01,2002,0,NLS200207090,MIL,NL,1,,sexson,richie,richie sexson,richie sexson2002
194,spiveju01,2002,0,NLS200207090,ARI,NL,1,,spivey,junior,junior spivey,junior spivey2002
197,posadjo01,2003,0,ALS200307150,NYA,AL,1,2,posada,jorge,jorge posada,jorge posada2003
198,delgaca01,2003,0,ALS200307150,TOR,AL,1,3,delgado,carlos,carlos delgado,carlos delgado2003
199,soriaal01,2003,0,ALS200307150,NYA,AL,1,4,soriano,alfonso,alfonso soriano,alfonso soriano2003
200,glaustr01,2003,0,ALS200307150,LAA,AL,1,5,glaus,troy,troy glaus,troy glaus2003
201,rodrial01,2003,0,ALS200307150,TEX,AL,1,6,rodriguez,alex,alex rodriguez,alex rodriguez2003
202,anderga01,2003,0,ALS200307150,LAA,AL,1,7,anderson,garret,garret anderson,garret anderson2003
203,matsuhi01,2003,0,ALS200307150,NYA,AL,1,8,matsui,hideki,hideki matsui,hideki matsui2003
204,suzukic01,2003,0,ALS200307150,SEA,AL,1,9,suzuki,ichiro,ichiro suzuki,ichiro suzuki2003
205,martied01,2003,0,ALS200307150,SEA,AL,1,10,martinez,edgar,edgar martinez,edgar martinez2003
206,blaloha01,2003,0,ALS200307150,TEX,AL,1,,blalock,hank,hank blalock,hank blalock2003
207,boonebr01,2003,0,ALS200307150,SEA,AL,1,,boone,bret,bret boone,bret boone2003
211,evereca01,2003,0,ALS200307150,CHA,AL,1,,everett,carl,carl everett,carl everett2003
213,garcino01,2003,0,ALS200307150,BOS,AL,1,,garciaparra,nomar,nomar garciaparra,nomar garciaparra2003
214,giambja01,2003,0,ALS200307150,NYA,AL,1,,giambi,jason,jason giambi,jason giambi2003
218,hernara02,2003,0,ALS200307150,OAK,AL,1,,hernandez,ramon,ramon hernandez,ramon hernandez2003
220,morame01,2003,0,ALS200307150,BAL,AL,1,,mora,melvin,melvin mora,melvin mora2003
223,ordonma01,2003,0,ALS200307150,CHA,AL,1,,ordonez,magglio,magglio ordonez,magglio ordonez2003
224,ramirma02,2003,0,ALS200307150,BOS,AL,0,,ramirez,manny,manny ramirez,manny ramirez2003
225,sabatcc01,2003,0,ALS200307150,CLE,AL,0,,,,,2003
226,sweenmi01,2003,0,ALS200307150,KCA,AL,0,,sweeney,mike,mike sweeney,mike sweeney2003
227,varitja01,2003,0,ALS200307150,BOS,AL,0,,varitek,jason,jason varitek,jason varitek2003
228,wellsve01,2003,0,ALS200307150,TOR,AL,1,,wells,vernon,vernon wells,vernon wells2003
229,youngdm01,2003,0,ALS200307150,DET,AL,0,,young,dmitri,dmitri young,dmitri young2003
232,lopezja01,2003,0,ALS200307150,ATL,NL,1,2,lopez,javy,javy lopez,javy lopez2003
233,heltoto01,2003,0,ALS200307150,COL,NL,1,3,helton,todd,todd helton,todd helton2003
234,vidrojo01,2003,0,ALS200307150,MON,NL,1,4,vidro,jose,jose vidro,jose vidro2003
235,rolensc01,2003,0,ALS200307150,SLN,NL,1,5,rolen,scott,scott rolen,scott rolen2003
236,renteed01,2003,0,ALS200307150,SLN,NL,1,6,renteria,edgar,edgar renteria,edgar renteria2003
237,pujolal01,2003,0,ALS200307150,SLN,NL,1,7,pujols,albert,albert pujols,albert pujols2003
238,edmonji01,2003,0,ALS200307150,SLN,NL,1,8,edmonds,jim,jim edmonds,jim edmonds2003
239,sheffga01,2003,0,ALS200307150,ATL,NL,1,9,sheffield,gary,gary sheffield,gary sheffield2003
240,bondsba01,2003,0,ALS200307150,SFN,NL,1,10,bonds,barry,barry bonds,barry bonds2003
242,booneaa01,2003,0,ALS200307150,CIN,NL,1,,boone,aaron,aaron boone,aaron boone2003
244,castilu01,2003,0,ALS200307150,FLO,NL,1,,castillo,luis,luis castillo,luis castillo2003
246,furcara01,2003,0,ALS200307150,ATL,NL,1,,,,,2003
248,gilesma01,2003,0,ALS200307150,ATL,NL,0,,giles,marcus,marcus giles,marcus giles2003
249,gonzalu01,2003,0,ALS200307150,ARI,NL,1,,gonzalez,luis,luis gonzalez,luis gonzalez2003
250,jenkige01,2003,0,ALS200307150,MIL,NL,0,,jenkins,geoff,geoff jenkins,geoff jenkins2003
251,jonesan01,2003,0,ALS200307150,ATL,NL,1,,jones,andruw,andruw jones,andruw jones2003
252,loducpa01,2003,0,ALS200307150,LAN,NL,1,,lo duca,paul,paul lo duca,paul lo duca2003
253,lowelmi01,2003,0,ALS200307150,FLO,NL,1,,lowell,mike,mike lowell,mike lowell2003
256,sexsori01,2003,0,ALS200307150,MIL,NL,1,,sexson,richie,richie sexson,richie sexson2003
259,whitero02,2003,0,ALS200307150,SDN,NL,1,,white,rondell,rondell white,rondell white2003
263,wilsopr01,2003,0,ALS200307150,COL,NL,1,,wilson,preston,preston wilson,preston wilson2003
267,rodriiv01,2004,0,NLS200407130,DET,AL,1,2,rodriguez,ivan,ivan rodriguez,ivan rodriguez2004
268,giambja01,2004,0,NLS200407130,NYA,AL,1,3,giambi,jason,jason giambi,jason giambi2004
269,soriaal01,2004,0,NLS200407130,TEX,AL,1,4,soriano,alfonso,alfonso soriano,alfonso soriano2004
270,rodrial01,2004,0,NLS200407130,NYA,AL,1,5,rodriguez,alex,alex rodriguez,alex rodriguez2004
271,jeterde01,2004,0,NLS200407130,NYA,AL,1,6,jeter,derek,derek jeter,derek jeter2004
272,ramirma02,2004,0,NLS200407130,BOS,AL,1,7,ramirez,manny,manny ramirez,manny ramirez2004
273,suzukic01,2004,0,NLS200407130,SEA,AL,1,8,suzuki,ichiro,ichiro suzuki,ichiro suzuki2004
274,guerrvl01,2004,0,NLS200407130,LAA,AL,1,9,guerrero,vladimir,vladimir guerrero,vladimir guerrero2004
275,belliro01,2004,0,NLS200407130,CLE,AL,1,,belliard,ronnie,ronnie belliard,ronnie belliard2004
276,blaloha01,2004,0,NLS200407130,TEX,AL,1,,blalock,hank,hank blalock,hank blalock2004
278,crawfca02,2004,0,NLS200407130,TBA,AL,1,,crawford,carl,carl crawford,carl crawford2004
280,guillca01,2004,0,NLS200407130,DET,AL,0,,guillen,carlos,carlos guillen,carlos guillen2004
281,harveke01,2004,0,NLS200407130,KCA,AL,1,,harvey,ken,ken harvey,ken harvey2004
283,lawtoma02,2004,0,NLS200407130,CLE,AL,1,,lawton,matt,matt lawton,matt lawton2004
286,martivi01,2004,0,NLS200407130,CLE,AL,1,,martinez,victor,victor martinez,victor martinez2004
287,matsuhi01,2004,0,NLS200407130,NYA,AL,1,,matsui,hideki,hideki matsui,hideki matsui2004
289,ortizda01,2004,0,NLS200407130,BOS,AL,1,,ortiz,david,david ortiz,david ortiz2004
293,sabatcc01,2004,0,NLS200407130,CLE,AL,1,,,,,2004
295,sheffga01,2004,0,NLS200407130,NYA,AL,1,,sheffield,gary,gary sheffield,gary sheffield2004
296,tejadmi01,2004,0,NLS200407130,BAL,AL,1,,tejada,miguel,miguel tejada,miguel tejada2004
299,youngmi02,2004,0,NLS200407130,TEX,AL,1,,young,michael,michael young,michael young2004
301,piazzmi01,2004,0,NLS200407130,NYN,NL,1,2,piazza,mike,mike piazza,mike piazza2004
302,pujolal01,2004,0,NLS200407130,SLN,NL,1,3,pujols,albert,albert pujols,albert pujols2004
303,kentje01,2004,0,NLS200407130,HOU,NL,1,4,kent,jeff,jeff kent,jeff kent2004
304,rolensc01,2004,0,NLS200407130,SLN,NL,1,5,rolen,scott,scott rolen,scott rolen2004
305,renteed01,2004,0,NLS200407130,SLN,NL,1,6,renteria,edgar,edgar renteria,edgar renteria2004
306,bondsba01,2004,0,NLS200407130,SFN,NL,1,7,bonds,barry,barry bonds,barry bonds2004
307,berkmla01,2004,0,NLS200407130,HOU,NL,1,8,berkman,lance,lance berkman,lance berkman2004
308,sosasa01,2004,0,NLS200407130,CHN,NL,1,9,sosa,sammy,sammy sosa,sammy sosa2004
309,abreubo01,2004,0,NLS200407130,PHI,NL,1,,abreu,bobby,bobby abreu,bobby abreu2004
310,aloumo01,2004,0,NLS200407130,CHN,NL,1,,alou,moises,moises alou,moises alou2004
311,beltrca01,2004,0,NLS200407130,HOU,NL,1,,beltran,carlos,carlos beltran,carlos beltran2004
313,cabremi01,2004,0,NLS200407130,FLO,NL,1,,cabrera,miguel,miguel cabrera,miguel cabrera2004
314,caseyse01,2004,0,NLS200407130,CIN,NL,0,,casey,sean,sean casey,sean casey2004
315,estrajo01,2004,0,NLS200407130,ATL,NL,1,,estrada,johnny,johnny estrada,johnny estrada2004
319,griffke02,2004,0,NLS200407130,CIN,NL,0,,griffey,ken,ken griffey,ken griffey2004
320,heltoto01,2004,0,NLS200407130,COL,NL,1,,helton,todd,todd helton,todd helton2004
323,kolbda01,2004,0,NLS200407130,MIL,NL,1,,kolb,danny,danny kolb,danny kolb2004
324,larkiba01,2004,0,NLS200407130,CIN,NL,1,,larkin,barry,barry larkin,barry larkin2004
325,loducpa01,2004,0,NLS200407130,LAN,NL,1,,lo duca,paul,paul lo duca,paul lo duca2004
326,loretma01,2004,0,NLS200407130,SDN,NL,1,,loretta,mark,mark loretta,mark loretta2004
327,lowelmi01,2004,0,NLS200407130,FLO,NL,1,,lowell,mike,mike lowell,mike lowell2004
331,thomeji01,2004,0,NLS200407130,PHI,NL,1,,thome,jim,jim thome,jim thome2004
332,wilsoja02,2004,0,NLS200407130,PIT,NL,1,,wilson,jack,jack wilson,jack wilson2004
335,varitja01,2005,0,ALS200507120,BOS,AL,1,2,varitek,jason,jason varitek,jason varitek2005
336,teixema01,2005,0,ALS200507120,TEX,AL,1,3,teixeira,mark,mark teixeira,mark teixeira2005
337,roberbr01,2005,0,ALS200507120,BAL,AL,1,4,roberts,brian,brian roberts,brian roberts2005
338,rodrial01,2005,0,ALS200507120,NYA,AL,1,5,rodriguez,alex,alex rodriguez,alex rodriguez2005
339,tejadmi01,2005,0,ALS200507120,BAL,AL,1,6,tejada,miguel,miguel tejada,miguel tejada2005
340,ramirma02,2005,0,ALS200507120,BOS,AL,1,7,ramirez,manny,manny ramirez,manny ramirez2005
341,damonjo01,2005,0,ALS200507120,BOS,AL,1,8,damon,johnny,johnny damon,johnny damon2005
342,guerrvl01,2005,0,ALS200507120,LAA,AL,1,9,guerrero,vladimir,vladimir guerrero,vladimir guerrero2005
343,ortizda01,2005,0,ALS200507120,BOS,AL,1,10,ortiz,david,david ortiz,david ortiz2005
344,anderga01,2005,0,ALS200507120,LAA,AL,1,,anderson,garret,garret anderson,garret anderson2005
351,hillesh02,2005,0,ALS200507120,TOR,AL,1,,hillenbrand,shea,shea hillenbrand,shea hillenbrand2005
352,konerpa01,2005,0,ALS200507120,CHA,AL,1,,konerko,paul,paul konerko,paul konerko2005
353,morame01,2005,0,ALS200507120,BAL,AL,1,,mora,melvin,melvin mora,melvin mora2005
355,podsesc01,2005,0,ALS200507120,CHA,AL,1,,podsednik,scott,scott podsednik,scott podsednik2005
357,rodriiv01,2005,0,ALS200507120,DET,AL,1,,rodriguez,ivan,ivan rodriguez,ivan rodriguez2005
359,ryanbj01,2005,0,ALS200507120,BAL,AL,1,,,,,2005
360,santajo01,2005,0,ALS200507120,MIN,AL,1,,,,,2005
361,sheffga01,2005,0,ALS200507120,NYA,AL,1,,sheffield,gary,gary sheffield,gary sheffield2005
362,soriaal01,2005,0,ALS200507120,TEX,AL,1,,soriano,alfonso,alfonso soriano,alfonso soriano2005
363,suzukic01,2005,0,ALS200507120,SEA,AL,1,,suzuki,ichiro,ichiro suzuki,ichiro suzuki2005
364,sweenmi01,2005,0,ALS200507120,KCA,AL,1,,sweeney,mike,mike sweeney,mike sweeney2005
366,youngmi02,2005,0,ALS200507120,TEX,AL,1,,young,michael,michael young,michael young2005
368,piazzmi01,2005,0,ALS200507120,NYN,NL,1,2,piazza,mike,mike piazza,mike piazza2005
369,leede02,2005,0,ALS200507120,CHN,NL,1,3,lee,derrek,derrek lee,derrek lee2005
370,kentje01,2005,0,ALS200507120,LAN,NL,1,4,kent,jeff,jeff kent,jeff kent2005
371,ramirar01,2005,0,ALS200507120,CHN,NL,1,5,ramirez,aramis,aramis ramirez,aramis ramirez2005
372,eckstda01,2005,0,ALS200507120,SLN,NL,1,6,eckstein,david,david eckstein,david eckstein2005
373,beltrca01,2005,0,ALS200507120,NYN,NL,1,7,beltran,carlos,carlos beltran,carlos beltran2005
374,edmonji01,2005,0,ALS200507120,SLN,NL,1,8,edmonds,jim,jim edmonds,jim edmonds2005
375,abreubo01,2005,0,ALS200507120,PHI,NL,1,9,abreu,bobby,bobby abreu,bobby abreu2005
376,pujolal01,2005,0,ALS200507120,SLN,NL,1,10,pujols,albert,albert pujols,albert pujols2005
377,aloumo01,2005,0,ALS200507120,SFN,NL,1,,alou,moises,moises alou,moises alou2005
378,bayja01,2005,0,ALS200507120,PIT,NL,0,,bay,jason,jason bay,jason bay2005
379,cabremi01,2005,0,ALS200507120,FLO,NL,1,,cabrera,miguel,miguel cabrera,miguel cabrera2005
380,castilu01,2005,0,ALS200507120,FLO,NL,1,,castillo,luis,luis castillo,luis castillo2005
383,ensbemo01,2005,0,ALS200507120,HOU,NL,1,,ensberg,morgan,morgan ensberg,morgan ensberg2005
385,gonzalu01,2005,0,ALS200507120,ARI,NL,1,,gonzalez,luis,luis gonzalez,luis gonzalez2005
388,izturce01,2005,0,ALS200507120,LAN,NL,0,,izturis,cesar,cesar izturis,cesar izturis2005
389,jonesan01,2005,0,ALS200507120,ATL,NL,1,,jones,andruw,andruw jones,andruw jones2005
390,leeca01,2005,0,ALS200507120,MIL,NL,1,,lee,carlos,carlos lee,carlos lee2005
392,loducpa01,2005,0,ALS200507120,FLO,NL,1,,lo duca,paul,paul lo duca,paul lo duca2005
393,lopezfe01,2005,0,ALS200507120,CIN,NL,1,,lopez,felipe,felipe lopez,felipe lopez2005
397,rolensc01,2005,0,ALS200507120,SLN,NL,0,,rolen,scott,scott rolen,scott rolen2005
398,rolliji01,2005,0,ALS200507120,PHI,NL,1,,rollins,jimmy,jimmy rollins,jimmy rollins2005
403,rodriiv01,2006,0,NLS200607110,DET,AL,1,2,rodriguez,ivan,ivan rodriguez,ivan rodriguez2006
404,ortizda01,2006,0,NLS200607110,BOS,AL,1,3,ortiz,david,david ortiz,david ortiz2006
405,loretma01,2006,0,NLS200607110,BOS,AL,1,4,loretta,mark,mark loretta,mark loretta2006
406,rodrial01,2006,0,NLS200607110,NYA,AL,1,5,rodriguez,alex,alex rodriguez,alex rodriguez2006
407,jeterde01,2006,0,NLS200607110,NYA,AL,1,6,jeter,derek,derek jeter,derek jeter2006
408,guerrvl01,2006,0,NLS200607110,LAA,AL,1,7,guerrero,vladimir,vladimir guerrero,vladimir guerrero2006
409,wellsve01,2006,0,NLS200607110,TOR,AL,1,8,wells,vernon,vernon wells,vernon wells2006
410,suzukic01,2006,0,NLS200607110,SEA,AL,1,9,suzuki,ichiro,ichiro suzuki,ichiro suzuki2006
412,canoro01,2006,0,NLS200607110,NYA,AL,0,,cano,robinson,robinson cano,robinson cano2006
414,dyeje01,2006,0,NLS200607110,CHA,AL,1,,dye,jermaine,jermaine dye,jermaine dye2006
415,glaustr01,2006,0,NLS200607110,TOR,AL,1,,glaus,troy,troy glaus,troy glaus2006
419,konerpa01,2006,0,NLS200607110,CHA,AL,1,,konerko,paul,paul konerko,paul konerko2006
421,lopezjo01,2006,0,NLS200607110,SEA,AL,1,,lopez,jose,jose lopez,jose lopez2006
422,matthga02,2006,0,NLS200607110,TEX,AL,1,,matthews,gary,gary matthews,gary matthews2006
423,mauerjo01,2006,0,NLS200607110,MIN,AL,1,,mauer,joe,joe mauer,joe mauer2006
424,ordonma01,2006,0,NLS200607110,DET,AL,1,,ordonez,magglio,magglio ordonez,magglio ordonez2006
426,pierzaj01,2006,0,NLS200607110,CHA,AL,0,,,,,2006
427,ramirma02,2006,0,NLS200607110,BOS,AL,0,,ramirez,manny,manny ramirez,manny ramirez2006
429,riosal01,2006,0,NLS200607110,TOR,AL,0,,rios,alex,alex rios,alex rios2006
431,ryanbj01,2006,0,NLS200607110,TOR,AL,1,,,,,2006
432,santajo01,2006,0,NLS200607110,MIN,AL,1,,,,,2006
433,sizemgr01,2006,0,NLS200607110,CLE,AL,1,,sizemore,grady,grady sizemore,grady sizemore2006
434,tejadmi01,2006,0,NLS200607110,BAL,AL,1,,tejada,miguel,miguel tejada,miguel tejada2006
435,thomeji01,2006,0,NLS200607110,CHA,AL,1,,thome,jim,jim thome,jim thome2006
436,youngmi02,2006,0,NLS200607110,TEX,AL,1,,young,michael,michael young,michael young2006
439,loducpa01,2006,0,NLS200607110,NYN,NL,1,2,lo duca,paul,paul lo duca,paul lo duca2006
440,pujolal01,2006,0,NLS200607110,SLN,NL,1,3,pujols,albert,albert pujols,albert pujols2006
441,utleych01,2006,0,NLS200607110,PHI,NL,1,4,utley,chase,chase utley,chase utley2006
442,wrighda03,2006,0,NLS200607110,NYN,NL,1,5,wright,david,david wright,david wright2006
443,renteed01,2006,0,NLS200607110,ATL,NL,1,6,renteria,edgar,edgar renteria,edgar renteria2006
444,soriaal01,2006,0,NLS200607110,WAS,NL,1,7,soriano,alfonso,alfonso soriano,alfonso soriano2006
445,beltrca01,2006,0,NLS200607110,NYN,NL,1,8,beltran,carlos,carlos beltran,carlos beltran2006
446,bayja01,2006,0,NLS200607110,PIT,NL,1,9,bay,jason,jason bay,jason bay2006
448,berkmla01,2006,0,NLS200607110,HOU,NL,1,,berkman,lance,lance berkman,lance berkman2006
449,cabremi01,2006,0,NLS200607110,FLO,NL,1,,cabrera,miguel,miguel cabrera,miguel cabrera2006
452,eckstda01,2006,0,NLS200607110,SLN,NL,1,,eckstein,david,david eckstein,david eckstein2006
454,garcino01,2006,0,NLS200607110,LAN,NL,0,,garciaparra,nomar,nomar garciaparra,nomar garciaparra2006
458,hollima01,2006,0,NLS200607110,COL,NL,1,,holliday,matt,matt holliday,matt holliday2006
459,howarry01,2006,0,NLS200607110,PHI,NL,1,,howard,ryan,ryan howard,ryan howard2006
460,jonesan01,2006,0,NLS200607110,ATL,NL,0,,jones,andruw,andruw jones,andruw jones2006
461,leeca01,2006,0,NLS200607110,MIL,NL,1,,lee,carlos,carlos lee,carlos lee2006
463,mccanbr01,2006,0,NLS200607110,ATL,NL,1,,mccann,brian,brian mccann,brian mccann2006
465,reyesjo01,2006,0,NLS200607110,NYN,NL,0,,reyes,jose,jose reyes,jose reyes2006
466,rolensc01,2006,0,NLS200607110,SLN,NL,0,,rolen,scott,scott rolen,scott rolen2006
467,sanchfr01,2006,0,NLS200607110,PIT,NL,1,,sanchez,freddy,freddy sanchez,freddy sanchez2006
470,ugglada01,2006,0,NLS200607110,FLO,NL,0,,uggla,dan,dan uggla,dan uggla2006
474,rodriiv01,2007,0,NLS200707100,DET,AL,1,2,rodriguez,ivan,ivan rodriguez,ivan rodriguez2007
475,ortizda01,2007,0,NLS200707100,BOS,AL,1,3,ortiz,david,david ortiz,david ortiz2007
476,polanpl01,2007,0,NLS200707100,DET,AL,1,4,polanco,placido,placido polanco,placido polanco2007
477,rodrial01,2007,0,NLS200707100,NYA,AL,1,5,rodriguez,alex,alex rodriguez,alex rodriguez2007
478,jeterde01,2007,0,NLS200707100,NYA,AL,1,6,jeter,derek,derek jeter,derek jeter2007
479,ordonma01,2007,0,NLS200707100,DET,AL,1,7,ordonez,magglio,magglio ordonez,magglio ordonez2007
480,suzukic01,2007,0,NLS200707100,SEA,AL,1,8,suzuki,ichiro,ichiro suzuki,ichiro suzuki2007
481,guerrvl01,2007,0,NLS200707100,LAA,AL,1,9,guerrero,vladimir,vladimir guerrero,vladimir guerrero2007
483,crawfca02,2007,0,NLS200707100,TBA,AL,1,,crawford,carl,carl crawford,carl crawford2007
484,guillca01,2007,0,NLS200707100,DET,AL,1,,guillen,carlos,carlos guillen,carlos guillen2007
485,hunteto01,2007,0,NLS200707100,MIN,AL,1,,hunter,torii,torii hunter,torii hunter2007
488,lowelmi01,2007,0,NLS200707100,BOS,AL,1,,lowell,mike,mike lowell,mike lowell2007
489,martivi01,2007,0,NLS200707100,CLE,AL,1,,martinez,victor,victor martinez,victor martinez2007
491,morneju01,2007,0,NLS200707100,MIN,AL,1,,morneau,justin,justin morneau,justin morneau2007
494,posadjo01,2007,0,NLS200707100,NYA,AL,1,,posada,jorge,jorge posada,jorge posada2007
495,putzjj01,2007,0,NLS200707100,SEA,AL,1,,putz,j. j.,j. j. putz,j. j. putz2007
496,ramirma02,2007,0,NLS200707100,BOS,AL,1,,ramirez,manny,manny ramirez,manny ramirez2007
497,riosal01,2007,0,NLS200707100,TOR,AL,1,,rios,alex,alex rios,alex rios2007
498,roberbr01,2007,0,NLS200707100,BAL,AL,1,,roberts,brian,brian roberts,brian roberts2007
500,sabatcc01,2007,0,NLS200707100,CLE,AL,1,,,,,2007
501,santajo01,2007,0,NLS200707100,MIN,AL,1,,,,,2007
502,sizemgr01,2007,0,NLS200707100,CLE,AL,1,,sizemore,grady,grady sizemore,grady sizemore2007
504,youngmi02,2007,0,NLS200707100,TEX,AL,0,,young,michael,michael young,michael young2007
506,martiru01,2007,0,NLS200707100,LAN,NL,1,2,martin,russell,russell martin,russell martin2007
507,fieldpr01,2007,0,NLS200707100,MIL,NL,1,3,fielder,prince,prince fielder,prince fielder2007
508,utleych01,2007,0,NLS200707100,PHI,NL,1,4,utley,chase,chase utley,chase utley2007
509,wrighda03,2007,0,NLS200707100,NYN,NL,1,5,wright,david,david wright,david wright2007
510,reyesjo01,2007,0,NLS200707100,NYN,NL,1,6,reyes,jose,jose reyes,jose reyes2007
511,bondsba01,2007,0,NLS200707100,SFN,NL,1,7,bonds,barry,barry bonds,barry bonds2007
512,beltrca01,2007,0,NLS200707100,NYN,NL,1,8,beltran,carlos,carlos beltran,carlos beltran2007
513,griffke02,2007,0,NLS200707100,CIN,NL,1,9,griffey,ken,ken griffey,ken griffey2007
514,cabremi01,2007,0,NLS200707100,FLO,NL,1,,cabrera,miguel,miguel cabrera,miguel cabrera2007
518,hardyjj01,2007,0,NLS200707100,MIL,NL,1,,hardy,j. j.,j. j. hardy,j. j. hardy2007
520,hollima01,2007,0,NLS200707100,COL,NL,1,,holliday,matt,matt holliday,matt holliday2007
521,hudsoor01,2007,0,NLS200707100,ARI,NL,1,,hudson,orlando,orlando hudson,orlando hudson2007
522,leeca01,2007,0,NLS200707100,HOU,NL,1,,lee,carlos,carlos lee,carlos lee2007
523,leede02,2007,0,NLS200707100,CHN,NL,1,,lee,derrek,derrek lee,derrek lee2007
524,mccanbr01,2007,0,NLS200707100,ATL,NL,1,,mccann,brian,brian mccann,brian mccann2007
527,pujolal01,2007,0,NLS200707100,SLN,NL,0,,pujols,albert,albert pujols,albert pujols2007
528,rowanaa01,2007,0,NLS200707100,PHI,NL,1,,rowand,aaron,aaron rowand,aaron rowand2007
530,sanchfr01,2007,0,NLS200707100,PIT,NL,1,,sanchez,freddy,freddy sanchez,freddy sanchez2007
533,soriaal01,2007,0,NLS200707100,CHN,NL,1,,soriano,alfonso,alfonso soriano,alfonso soriano2007
538,youngdm01,2007,0,NLS200707100,WAS,NL,1,,young,dmitri,dmitri young,dmitri young2007
540,mauerjo01,2008,0,ALS200807150,MIN,AL,1,2,mauer,joe,joe mauer,joe mauer2008
541,youklke01,2008,0,ALS200807150,BOS,AL,1,3,youkilis,kevin,kevin youkilis,kevin youkilis2008
542,pedrodu01,2008,0,ALS200807150,BOS,AL,1,4,pedroia,dustin,dustin pedroia,dustin pedroia2008
543,rodrial01,2008,0,ALS200807150,NYA,AL,1,5,rodriguez,alex,alex rodriguez,alex rodriguez2008
544,jeterde01,2008,0,ALS200807150,NYA,AL,1,6,jeter,derek,derek jeter,derek jeter2008
545,ramirma02,2008,0,ALS200807150,BOS,AL,1,7,ramirez,manny,manny ramirez,manny ramirez2008
546,hamiljo03,2008,0,ALS200807150,TEX,AL,1,8,hamilton,josh,josh hamilton,josh hamilton2008
547,suzukic01,2008,0,ALS200807150,SEA,AL,1,9,suzuki,ichiro,ichiro suzuki,ichiro suzuki2008
548,bradlmi01,2008,0,ALS200807150,TEX,AL,1,10,bradley,milton,milton bradley,milton bradley2008
549,credejo01,2008,0,ALS200807150,CHA,AL,1,,crede,joe,joe crede,joe crede2008
550,drewjd01,2008,0,ALS200807150,BOS,AL,1,,,,,2008
552,guillca01,2008,0,ALS200807150,DET,AL,1,,guillen,carlos,carlos guillen,carlos guillen2008
555,kinslia01,2008,0,ALS200807150,TEX,AL,1,,kinsler,ian,ian kinsler,ian kinsler2008
556,longoev01,2008,0,ALS200807150,TBA,AL,1,,longoria,evan,evan longoria,evan longoria2008
557,morneju01,2008,0,ALS200807150,MIN,AL,1,,morneau,justin,justin morneau,justin morneau2008
559,navardi01,2008,0,ALS200807150,TBA,AL,1,,navarro,dioner,dioner navarro,dioner navarro2008
560,ortizda01,2008,0,ALS200807150,BOS,AL,0,,ortiz,david,david ortiz,david ortiz2008
562,quentca01,2008,0,ALS200807150,CHA,AL,1,,quentin,carlos,carlos quentin,carlos quentin2008
568,sizemgr01,2008,0,ALS200807150,CLE,AL,1,,sizemore,grady,grady sizemore,grady sizemore2008
570,varitja01,2008,0,ALS200807150,BOS,AL,1,,varitek,jason,jason varitek,jason varitek2008
571,youngmi02,2008,0,ALS200807150,TEX,AL,1,,young,michael,michael young,michael young2008
573,sotoge01,2008,0,ALS200807150,CHN,NL,1,2,soto,geovany,geovany soto,geovany soto2008
574,berkmla01,2008,0,ALS200807150,HOU,NL,1,3,berkman,lance,lance berkman,lance berkman2008
575,utleych01,2008,0,ALS200807150,PHI,NL,1,4,utley,chase,chase utley,chase utley2008
576,jonesch06,2008,0,ALS200807150,ATL,NL,1,5,jones,chipper,chipper jones,chipper jones2008
577,ramirha01,2008,0,ALS200807150,FLO,NL,1,6,ramirez,hanley,hanley ramirez,hanley ramirez2008
578,braunry02,2008,0,ALS200807150,MIL,NL,1,7,braun,ryan,ryan braun,ryan braun2008
579,fukudko01,2008,0,ALS200807150,CHN,NL,1,8,fukudome,kosuke,kosuke fukudome,kosuke fukudome2008
580,hollima01,2008,0,ALS200807150,COL,NL,1,9,holliday,matt,matt holliday,matt holliday2008
581,pujolal01,2008,0,ALS200807150,SLN,NL,1,10,pujols,albert,albert pujols,albert pujols2008
584,gonzaad01,2008,0,ALS200807150,SDN,NL,1,,gonzalez,adrian,adrian gonzalez,adrian gonzalez2008
585,guzmacr01,2008,0,ALS200807150,WAS,NL,1,,guzman,cristian,cristian guzman,cristian guzman2008
587,hartco01,2008,0,ALS200807150,MIL,NL,1,,hart,corey,corey hart,corey hart2008
590,ludwiry01,2008,0,ALS200807150,SLN,NL,1,,ludwick,ryan,ryan ludwick,ryan ludwick2008
592,martiru01,2008,0,ALS200807150,LAN,NL,1,,martin,russell,russell martin,russell martin2008
593,mccanbr01,2008,0,ALS200807150,ATL,NL,1,,mccann,brian,brian mccann,brian mccann2008
594,mclouna01,2008,0,ALS200807150,PIT,NL,1,,mclouth,nate,nate mclouth,nate mclouth2008
595,ramirar01,2008,0,ALS200807150,CHN,NL,1,,ramirez,aramis,aramis ramirez,aramis ramirez2008
596,soriaal01,2008,0,ALS200807150,CHN,NL,0,,soriano,alfonso,alfonso soriano,alfonso soriano2008
597,tejadmi01,2008,0,ALS200807150,HOU,NL,1,,tejada,miguel,miguel tejada,miguel tejada2008
598,ugglada01,2008,0,ALS200807150,FLO,NL,1,,uggla,dan,dan uggla,dan uggla2008
604,wrighda03,2008,0,ALS200807150,NYN,NL,1,,wright,david,david wright,david wright2008
607,mauerjo01,2009,0,NLS200907140,MIN,AL,1,2,mauer,joe,joe mauer,joe mauer2009
608,teixema01,2009,0,NLS200907140,NYA,AL,1,3,teixeira,mark,mark teixeira,mark teixeira2009
609,hillaa01,2009,0,NLS200907140,TOR,AL,1,4,hill,aaron,aaron hill,aaron hill2009
610,youngmi02,2009,0,NLS200907140,TEX,AL,1,5,young,michael,michael young,michael young2009
611,jeterde01,2009,0,NLS200907140,NYA,AL,1,6,jeter,derek,derek jeter,derek jeter2009
612,bayja01,2009,0,NLS200907140,BOS,AL,1,7,bay,jason,jason bay,jason bay2009
613,hamiljo03,2009,0,NLS200907140,TEX,AL,1,8,hamilton,josh,josh hamilton,josh hamilton2009
614,suzukic01,2009,0,NLS200907140,SEA,AL,1,9,suzuki,ichiro,ichiro suzuki,ichiro suzuki2009
616,bartlja01,2009,0,NLS200907140,TBA,AL,1,,bartlett,jason,jason bartlett,jason bartlett2009
619,crawfca02,2009,0,NLS200907140,TBA,AL,1,,crawford,carl,carl crawford,carl crawford2009
620,cruzne02,2009,0,NLS200907140,TEX,AL,0,,cruz,nelson,nelson cruz,nelson cruz2009
622,grandcu01,2009,0,NLS200907140,DET,AL,1,,granderson,curtis,curtis granderson,curtis granderson2009
625,hunteto01,2009,0,NLS200907140,LAA,AL,0,,hunter,torii,torii hunter,torii hunter2009
626,ingebr01,2009,0,NLS200907140,DET,AL,1,,inge,brandon,brandon inge,brandon inge2009
628,jonesad01,2009,0,NLS200907140,BAL,AL,1,,jones,adam,adam jones,adam jones2009
629,longoev01,2009,0,NLS200907140,TBA,AL,0,,longoria,evan,evan longoria,evan longoria2009
630,martivi01,2009,0,NLS200907140,CLE,AL,1,,martinez,victor,victor martinez,victor martinez2009
631,morneju01,2009,0,NLS200907140,MIN,AL,1,,morneau,justin,justin morneau,justin morneau2009
634,pedrodu01,2009,0,NLS200907140,BOS,AL,0,,pedroia,dustin,dustin pedroia,dustin pedroia2009
635,penaca01,2009,0,NLS200907140,TBA,AL,0,,pena,carlos,carlos pena,carlos pena2009
639,youklke01,2009,0,NLS200907140,BOS,AL,1,,youkilis,kevin,kevin youkilis,kevin youkilis2009
640,zobribe01,2009,0,NLS200907140,TBA,AL,1,,zobrist,ben,ben zobrist,ben zobrist2009
642,molinya01,2009,0,NLS200907140,SLN,NL,1,2,molina,yadier,yadier molina,yadier molina2009
643,pujolal01,2009,0,NLS200907140,SLN,NL,1,3,pujols,albert,albert pujols,albert pujols2009
644,utleych01,2009,0,NLS200907140,PHI,NL,1,4,utley,chase,chase utley,chase utley2009
645,wrighda03,2009,0,NLS200907140,NYN,NL,1,5,wright,david,david wright,david wright2009
646,ramirha01,2009,0,NLS200907140,FLO,NL,1,6,ramirez,hanley,hanley ramirez,hanley ramirez2009
647,ibanera01,2009,0,NLS200907140,PHI,NL,1,7,ibanez,raul,raul ibanez,raul ibanez2009
648,victosh01,2009,0,NLS200907140,PHI,NL,1,8,victorino,shane,shane victorino,shane victorino2009
649,braunry02,2009,0,NLS200907140,MIL,NL,1,9,braun,ryan,ryan braun,ryan braun2009
651,beltrca01,2009,0,NLS200907140,NYN,NL,0,,beltran,carlos,carlos beltran,carlos beltran2009
657,fieldpr01,2009,0,NLS200907140,MIL,NL,1,,fielder,prince,prince fielder,prince fielder2009
659,gonzaad01,2009,0,NLS200907140,SDN,NL,1,,gonzalez,adrian,adrian gonzalez,adrian gonzalez2009
661,hawpebr01,2009,0,NLS200907140,COL,NL,1,,hawpe,brad,brad hawpe,brad hawpe2009
663,howarry01,2009,0,NLS200907140,PHI,NL,1,,howard,ryan,ryan howard,ryan howard2009
664,hudsoor01,2009,0,NLS200907140,LAN,NL,1,,hudson,orlando,orlando hudson,orlando hudson2009
668,mccanbr01,2009,0,NLS200907140,ATL,NL,1,,mccann,brian,brian mccann,brian mccann2009
669,pencehu01,2009,0,NLS200907140,HOU,NL,0,,pence,hunter,hunter pence,hunter pence2009
671,sanchfr01,2009,0,NLS200907140,PIT,NL,0,,sanchez,freddy,freddy sanchez,freddy sanchez2009
672,santajo01,2009,0,NLS200907140,NYN,NL,0,,,,,2009
673,tejadmi01,2009,0,NLS200907140,HOU,NL,1,,tejada,miguel,miguel tejada,miguel tejada2009
674,uptonju01,2009,0,NLS200907140,ARI,NL,1,,upton,justin,justin upton,justin upton2009
675,werthja01,2009,0,NLS200907140,PHI,NL,1,,werth,jayson,jayson werth,jayson werth2009
676,zimmery01,2009,0,NLS200907140,WAS,NL,1,,zimmerman,ryan,ryan zimmerman,ryan zimmerman2009
678,mauerjo01,2010,0,ALS201007130,MIN,AL,1,2,mauer,joe,joe mauer,joe mauer2010
679,cabremi01,2010,0,ALS201007130,DET,AL,1,3,cabrera,miguel,miguel cabrera,miguel cabrera2010
680,canoro01,2010,0,ALS201007130,NYA,AL,1,4,cano,robinson,robinson cano,robinson cano2010
681,longoev01,2010,0,ALS201007130,TBA,AL,1,5,longoria,evan,evan longoria,evan longoria2010
682,jeterde01,2010,0,ALS201007130,NYA,AL,1,6,jeter,derek,derek jeter,derek jeter2010
683,crawfca02,2010,0,ALS201007130,TBA,AL,1,7,crawford,carl,carl crawford,carl crawford2010
684,hamiljo03,2010,0,ALS201007130,TEX,AL,1,8,hamilton,josh,josh hamilton,josh hamilton2010
685,suzukic01,2010,0,ALS201007130,SEA,AL,1,9,suzuki,ichiro,ichiro suzuki,ichiro suzuki2010
686,guerrvl01,2010,0,ALS201007130,TEX,AL,1,10,guerrero,vladimir,vladimir guerrero,vladimir guerrero2010
687,andruel01,2010,0,ALS201007130,TEX,AL,1,,andrus,elvis,elvis andrus,elvis andrus2010
689,bautijo02,2010,0,ALS201007130,TOR,AL,1,,bautista,jose,jose bautista,jose bautista2010
690,beltrad01,2010,0,ALS201007130,BOS,AL,1,,beltre,adrian,adrian beltre,adrian beltre2010
692,buckjo01,2010,0,ALS201007130,TOR,AL,1,,buck,john,john buck,john buck2010
697,hunteto01,2010,0,ALS201007130,LAA,AL,1,,hunter,torii,torii hunter,torii hunter2010
698,kinslia01,2010,0,ALS201007130,TEX,AL,1,,kinsler,ian,ian kinsler,ian kinsler2010
699,konerpa01,2010,0,ALS201007130,CHA,AL,1,,konerko,paul,paul konerko,paul konerko2010
702,martivi01,2010,0,ALS201007130,BOS,AL,0,,martinez,victor,victor martinez,victor martinez2010
703,morneju01,2010,0,ALS201007130,MIN,AL,0,,morneau,justin,justin morneau,justin morneau2010
704,ortizda01,2010,0,ALS201007130,BOS,AL,1,,ortiz,david,david ortiz,david ortiz2010
705,pedrodu01,2010,0,ALS201007130,BOS,AL,0,,pedroia,dustin,dustin pedroia,dustin pedroia2010
708,rodrial01,2010,0,ALS201007130,NYA,AL,0,,rodriguez,alex,alex rodriguez,alex rodriguez2010
709,sabatcc01,2010,0,ALS201007130,NYA,AL,0,,,,,2010
712,swishni01,2010,0,ALS201007130,NYA,AL,1,,swisher,nick,nick swisher,nick swisher2010
717,wellsve01,2010,0,ALS201007130,TOR,AL,1,,wells,vernon,vernon wells,vernon wells2010
718,wiggity01,2010,0,ALS201007130,BAL,AL,1,,wigginton,ty,ty wigginton,ty wigginton2010
720,molinya01,2010,0,ALS201007130,SLN,NL,1,2,molina,yadier,yadier molina,yadier molina2010
721,pujolal01,2010,0,ALS201007130,SLN,NL,1,3,pujols,albert,albert pujols,albert pujols2010
722,pradoma01,2010,0,ALS201007130,ATL,NL,1,4,prado,martin,martin prado,martin prado2010
723,wrighda03,2010,0,ALS201007130,NYN,NL,1,5,wright,david,david wright,david wright2010
724,ramirha01,2010,0,ALS201007130,FLO,NL,1,6,ramirez,hanley,hanley ramirez,hanley ramirez2010
725,braunry02,2010,0,ALS201007130,MIL,NL,1,7,braun,ryan,ryan braun,ryan braun2010
726,ethiean01,2010,0,ALS201007130,LAN,NL,1,8,ethier,andre,andre ethier,andre ethier2010
727,hartco01,2010,0,ALS201007130,MIL,NL,1,9,hart,corey,corey hart,corey hart2010
728,howarry01,2010,0,ALS201007130,PHI,NL,1,10,howard,ryan,ryan howard,ryan howard2010
730,bournmi01,2010,0,ALS201007130,HOU,NL,1,,bourn,michael,michael bourn,michael bourn2010
732,byrdma01,2010,0,ALS201007130,CHN,NL,1,,byrd,marlon,marlon byrd,marlon byrd2010
735,furcara01,2010,0,ALS201007130,LAN,NL,1,,,,,2010
737,gonzaad01,2010,0,ALS201007130,SDN,NL,1,,gonzalez,adrian,adrian gonzalez,adrian gonzalez2010
739,heywaja01,2010,0,ALS201007130,ATL,NL,0,,heyward,jason,jason heyward,jason heyward2010
740,hollima01,2010,0,ALS201007130,SLN,NL,1,,holliday,matt,matt holliday,matt holliday2010
742,infanom01,2010,0,ALS201007130,ATL,NL,0,,infante,omar,omar infante,omar infante2010
744,kuoho01,2010,0,ALS201007130,LAN,NL,1,,kuo,hung-chih,hung-chih kuo,hung-chih kuo2010
746,mccanbr01,2010,0,ALS201007130,ATL,NL,1,,mccann,brian,brian mccann,brian mccann2010
748,phillbr01,2010,0,ALS201007130,CIN,NL,1,,phillips,brandon,brandon phillips,brandon phillips2010
749,reyesjo01,2010,0,ALS201007130,NYN,NL,0,,reyes,jose,jose reyes,jose reyes2010
751,rolensc01,2010,0,ALS201007130,CIN,NL,1,,rolen,scott,scott rolen,scott rolen2010
752,tulowtr01,2010,0,ALS201007130,COL,NL,0,,tulowitzki,troy,troy tulowitzki,troy tulowitzki2010
753,utleych01,2010,0,ALS201007130,PHI,NL,0,,utley,chase,chase utley,chase utley2010
754,vottojo01,2010,0,ALS201007130,CIN,NL,1,,votto,joey,joey votto,joey votto2010
759,avilaal01,2011,0,NLS201107120,DET,AL,1,2,avila,alex,alex avila,alex avila2011
760,gonzaad01,2011,0,NLS201107120,BOS,AL,1,3,gonzalez,adrian,adrian gonzalez,adrian gonzalez2011
761,canoro01,2011,0,NLS201107120,NYA,AL,1,4,cano,robinson,robinson cano,robinson cano2011
762,beltrad01,2011,0,NLS201107120,TEX,AL,1,5,beltre,adrian,adrian beltre,adrian beltre2011
763,cabreas01,2011,0,NLS201107120,CLE,AL,1,6,cabrera,asdrubal,asdrubal cabrera,asdrubal cabrera2011
764,hamiljo03,2011,0,NLS201107120,TEX,AL,1,7,hamilton,josh,josh hamilton,josh hamilton2011
765,grandcu01,2011,0,NLS201107120,NYA,AL,1,8,granderson,curtis,curtis granderson,curtis granderson2011
766,bautijo02,2011,0,NLS201107120,TOR,AL,1,9,bautista,jose,jose bautista,jose bautista2011
767,ortizda01,2011,0,NLS201107120,BOS,AL,1,10,ortiz,david,david ortiz,david ortiz2011
769,cabremi01,2011,0,NLS201107120,DET,AL,1,,cabrera,miguel,miguel cabrera,miguel cabrera2011
771,cuddymi01,2011,0,NLS201107120,MIN,AL,1,,cuddyer,michael,michael cuddyer,michael cuddyer2011
772,ellsbja01,2011,0,NLS201107120,BOS,AL,1,,ellsbury,jacoby,jacoby ellsbury,jacoby ellsbury2011
775,jeterde01,2011,0,NLS201107120,NYA,AL,0,,jeter,derek,derek jeter,derek jeter2011
776,joycema01,2011,0,NLS201107120,TBA,AL,1,,joyce,matt,matt joyce,matt joyce2011
777,kendrho01,2011,0,NLS201107120,LAA,AL,1,,kendrick,howie,howie kendrick,howie kendrick2011
778,konerpa01,2011,0,NLS201107120,CHA,AL,1,,konerko,paul,paul konerko,paul konerko2011
781,martiru01,2011,0,NLS201107120,NYA,AL,0,,martin,russell,russell martin,russell martin2011
783,peraljh01,2011,0,NLS201107120,DET,AL,1,,peralta,jhonny,jhonny peralta,jhonny peralta2011
787,quentca01,2011,0,NLS201107120,CHA,AL,1,,quentin,carlos,carlos quentin,carlos quentin2011
790,rodrial01,2011,0,NLS201107120,NYA,AL,0,,rodriguez,alex,alex rodriguez,alex rodriguez2011
792,sabatcc01,2011,0,NLS201107120,NYA,AL,0,,,,,2011
797,wietema01,2011,0,NLS201107120,BAL,AL,1,,wieters,matt,matt wieters,matt wieters2011
798,wilsocj01,2011,0,NLS201107120,TEX,AL,1,,wilson,c. j.,c. j. wilson,c. j. wilson2011
799,youklke01,2011,0,NLS201107120,BOS,AL,1,,youkilis,kevin,kevin youkilis,kevin youkilis2011
800,youngmi02,2011,0,NLS201107120,TEX,AL,1,,young,michael,michael young,michael young2011
802,mccanbr01,2011,0,NLS201107120,ATL,NL,1,2,mccann,brian,brian mccann,brian mccann2011
803,fieldpr01,2011,0,NLS201107120,MIL,NL,1,3,fielder,prince,prince fielder,prince fielder2011
804,weeksri01,2011,0,NLS201107120,MIL,NL,1,4,weeks,rickie,rickie weeks,rickie weeks2011
805,rolensc01,2011,0,NLS201107120,CIN,NL,1,5,rolen,scott,scott rolen,scott rolen2011
806,tulowtr01,2011,0,NLS201107120,COL,NL,1,6,tulowitzki,troy,troy tulowitzki,troy tulowitzki2011
807,hollima01,2011,0,NLS201107120,SLN,NL,1,7,holliday,matt,matt holliday,matt holliday2011
808,kempma01,2011,0,NLS201107120,LAN,NL,1,8,kemp,matt,matt kemp,matt kemp2011
809,berkmla01,2011,0,NLS201107120,SLN,NL,1,9,berkman,lance,lance berkman,lance berkman2011
810,beltrca01,2011,0,NLS201107120,NYN,NL,1,10,beltran,carlos,carlos beltran,carlos beltran2011
812,bruceja01,2011,0,NLS201107120,CIN,NL,1,,bruce,jay,jay bruce,jay bruce2011
814,castrst01,2011,0,NLS201107120,CHN,NL,1,,castro,starlin,starlin castro,starlin castro2011
817,ethiean01,2011,0,NLS201107120,LAN,NL,1,,ethier,andre,andre ethier,andre ethier2011
820,jonesch06,2011,0,NLS201107120,ATL,NL,0,,jones,chipper,chipper jones,chipper jones2011
826,mccutan01,2011,0,NLS201107120,PIT,NL,1,,mccutchen,andrew,andrew mccutchen,andrew mccutchen2011
827,molinya01,2011,0,NLS201107120,SLN,NL,1,,molina,yadier,yadier molina,yadier molina2011
828,montemi01,2011,0,NLS201107120,ARI,NL,1,,montero,miguel,miguel montero,miguel montero2011
829,pencehu01,2011,0,NLS201107120,HOU,NL,1,,pence,hunter,hunter pence,hunter pence2011
830,phillbr01,2011,0,NLS201107120,CIN,NL,1,,phillips,brandon,brandon phillips,brandon phillips2011
831,polanpl01,2011,0,NLS201107120,PHI,NL,0,,polanco,placido,placido polanco,placido polanco2011
832,reyesjo01,2011,0,NLS201107120,NYN,NL,0,,reyes,jose,jose reyes,jose reyes2011
833,sanchga01,2011,0,NLS201107120,FLO,NL,1,,sanchez,gaby,gaby sanchez,gaby sanchez2011
834,sandopa01,2011,0,NLS201107120,SFN,NL,1,,sandoval,pablo,pablo sandoval,pablo sandoval2011
835,uptonju01,2011,0,NLS201107120,ARI,NL,1,,upton,justin,justin upton,justin upton2011
837,victosh01,2011,0,NLS201107120,PHI,NL,0,,victorino,shane,shane victorino,shane victorino2011
839,vottojo01,2011,0,NLS201107120,CIN,NL,1,,votto,joey,joey votto,joey votto2011
842,napolmi01,2012,0,ALS201207100,TEX,AL,1,2,napoli,mike,mike napoli,mike napoli2012
843,fieldpr01,2012,0,ALS201207100,DET,AL,1,3,fielder,prince,prince fielder,prince fielder2012
844,canoro01,2012,0,ALS201207100,NYA,AL,1,4,cano,robinson,robinson cano,robinson cano2012
845,beltrad01,2012,0,ALS201207100,TEX,AL,1,5,beltre,adrian,adrian beltre,adrian beltre2012
846,jeterde01,2012,0,ALS201207100,NYA,AL,1,6,jeter,derek,derek jeter,derek jeter2012
847,hamiljo03,2012,0,ALS201207100,TEX,AL,1,7,hamilton,josh,josh hamilton,josh hamilton2012
848,grandcu01,2012,0,ALS201207100,NYA,AL,1,8,granderson,curtis,curtis granderson,curtis granderson2012
849,bautijo02,2012,0,ALS201207100,TOR,AL,1,9,bautista,jose,jose bautista,jose bautista2012
850,ortizda01,2012,0,ALS201207100,BOS,AL,1,10,ortiz,david,david ortiz,david ortiz2012
851,andruel01,2012,0,ALS201207100,TEX,AL,1,,andrus,elvis,elvis andrus,elvis andrus2012
852,butlebi03,2012,0,ALS201207100,KCA,AL,1,,butler,billy,billy butler,billy butler2012
853,cabreas01,2012,0,ALS201207100,CLE,AL,1,,cabrera,asdrubal,asdrubal cabrera,asdrubal cabrera2012
854,cabremi01,2012,0,ALS201207100,DET,AL,1,,cabrera,miguel,miguel cabrera,miguel cabrera2012
857,dunnad01,2012,0,ALS201207100,CHA,AL,0,,dunn,adam,adam dunn,adam dunn2012
858,freesda01,2012,0,ALS201207100,SLN,AL,1,,freese,david,david freese,david freese2012
862,jonesad01,2012,0,ALS201207100,BAL,AL,1,,jones,adam,adam jones,adam jones2012
863,kinslia01,2012,0,ALS201207100,TEX,AL,1,,kinsler,ian,ian kinsler,ian kinsler2012
864,konerpa01,2012,0,ALS201207100,CHA,AL,1,,konerko,paul,paul konerko,paul konerko2012
865,mauerjo01,2012,0,ALS201207100,MIN,AL,1,,mauer,joe,joe mauer,joe mauer2012
871,sabatcc01,2012,0,ALS201207100,NYA,AL,0,,,,,2012
873,troutmi01,2012,0,ALS201207100,LAA,AL,1,,trout,mike,mike trout,mike trout2012
874,trumbma01,2012,0,ALS201207100,LAA,AL,1,,trumbo,mark,mark trumbo,mark trumbo2012
876,wietema01,2012,0,ALS201207100,BAL,AL,1,,wieters,matt,matt wieters,matt wieters2012
877,wilsocj01,2012,0,ALS201207100,LAA,AL,0,,wilson,c. j.,c. j. wilson,c. j. wilson2012
879,poseybu01,2012,0,ALS201207100,SFN,NL,1,2,posey,buster,buster posey,buster posey2012
880,vottojo01,2012,0,ALS201207100,CIN,NL,1,3,votto,joey,joey votto,joey votto2012
881,ugglada01,2012,0,ALS201207100,ATL,NL,1,4,uggla,dan,dan uggla,dan uggla2012
882,sandopa01,2012,0,ALS201207100,SFN,NL,1,5,sandoval,pablo,pablo sandoval,pablo sandoval2012
883,furcara01,2012,0,ALS201207100,SLN,NL,1,6,,,,2012
884,braunry02,2012,0,ALS201207100,MIL,NL,1,7,braun,ryan,ryan braun,ryan braun2012
885,cabreme01,2012,0,ALS201207100,SFN,NL,1,8,cabrera,melky,melky cabrera,melky cabrera2012
886,beltrca01,2012,0,ALS201207100,SLN,NL,1,9,beltran,carlos,carlos beltran,carlos beltran2012
887,gonzaca01,2012,0,ALS201207100,COL,NL,1,10,gonzalez,carlos,carlos gonzalez,carlos gonzalez2012
888,altuvjo01,2012,0,ALS201207100,HOU,NL,1,,altuve,jose,jose altuve,jose altuve2012
889,bournmi01,2012,0,ALS201207100,ATL,NL,1,,bourn,michael,michael bourn,michael bourn2012
890,bruceja01,2012,0,ALS201207100,CIN,NL,1,,bruce,jay,jay bruce,jay bruce2012
891,castrst01,2012,0,ALS201207100,CHN,NL,1,,castro,starlin,starlin castro,starlin castro2012
893,desmoia01,2012,0,ALS201207100,WAS,NL,0,,desmond,ian,ian desmond,ian desmond2012
894,dickera01,2012,0,ALS201207100,NYN,NL,1,,,,,2012
895,freesda01,2012,0,ALS201207100,SLN,NL,1,,freese,david,david freese,david freese2012
899,harpebr03,2012,0,ALS201207100,WAS,NL,1,,harper,bryce,bryce harper,bryce harper2012
900,hollima01,2012,0,ALS201207100,SLN,NL,1,,holliday,matt,matt holliday,matt holliday2012
901,jonesch06,2012,0,ALS201207100,ATL,NL,1,,jones,chipper,chipper jones,chipper jones2012
902,kempma01,2012,0,ALS201207100,LAN,NL,0,,kemp,matt,matt kemp,matt kemp2012
905,lahaibr01,2012,0,ALS201207100,CHN,NL,1,,lahair,bryan,bryan lahair,bryan lahair2012
907,mccutan01,2012,0,ALS201207100,PIT,NL,1,,mccutchen,andrew,andrew mccutchen,andrew mccutchen2012
909,molinya01,2012,0,ALS201207100,SLN,NL,0,,molina,yadier,yadier molina,yadier molina2012
911,ruizca01,2012,0,ALS201207100,PHI,NL,1,,ruiz,carlos,carlos ruiz,carlos ruiz2012
912,stantmi03,2012,0,ALS201207100,MIA,NL,0,,stanton,giancarlo,giancarlo stanton,giancarlo stanton2012
915,wrighda03,2012,0,ALS201207100,NYN,NL,1,,wright,david,david wright,david wright2012
917,mauerjo01,2013,0,NLS201307160,MIN,AL,1,2,mauer,joe,joe mauer,joe mauer2013
918,davisch02,2013,0,NLS201307160,BAL,AL,1,3,davis,chris,chris davis,chris davis2013
919,canoro01,2013,0,NLS201307160,NYA,AL,1,4,cano,robinson,robinson cano,robinson cano2013
920,cabremi01,2013,0,NLS201307160,DET,AL,1,5,cabrera,miguel,miguel cabrera,miguel cabrera2013
921,hardyjj01,2013,0,NLS201307160,BAL,AL,1,6,hardy,j. j.,j. j. hardy,j. j. hardy2013
922,troutmi01,2013,0,NLS201307160,LAA,AL,1,7,trout,mike,mike trout,mike trout2013
923,jonesad01,2013,0,NLS201307160,BAL,AL,1,8,jones,adam,adam jones,adam jones2013
924,bautijo02,2013,0,NLS201307160,TOR,AL,1,9,bautista,jose,jose bautista,jose bautista2013
925,ortizda01,2013,0,NLS201307160,BOS,AL,1,10,ortiz,david,david ortiz,david ortiz2013
928,castrja01,2013,0,NLS201307160,HOU,AL,0,,castro,jason,jason castro,jason castro2013
932,cruzne02,2013,0,NLS201307160,TEX,AL,1,,cruz,nelson,nelson cruz,nelson cruz2013
935,encared01,2013,0,NLS201307160,TOR,AL,1,,encarnacion,edwin,edwin encarnacion,edwin encarnacion2013
936,fieldpr01,2013,0,NLS201307160,DET,AL,1,,fielder,prince,prince fielder,prince fielder2013
937,gordoal01,2013,0,NLS201307160,KCA,AL,1,,gordon,alex,alex gordon,alex gordon2013
940,hunteto01,2013,0,NLS201307160,DET,AL,1,,hunter,torii,torii hunter,torii hunter2013
942,kipnija01,2013,0,NLS201307160,CLE,AL,1,,kipnis,jason,jason kipnis,jason kipnis2013
943,machama01,2013,0,NLS201307160,BAL,AL,1,,machado,manny,manny machado,manny machado2013
947,pedrodu01,2013,0,NLS201307160,BOS,AL,1,,pedroia,dustin,dustin pedroia,dustin pedroia2013
948,peraljh01,2013,0,NLS201307160,DET,AL,1,,peralta,jhonny,jhonny peralta,jhonny peralta2013
949,perezsa02,2013,0,NLS201307160,KCA,AL,1,,perez,salvador,salvador perez,salvador perez2013
955,zobribe01,2013,0,NLS201307160,TBA,AL,0,,zobrist,ben,ben zobrist,ben zobrist2013
957,molinya01,2013,0,NLS201307160,SLN,NL,1,2,molina,yadier,yadier molina,yadier molina2013
958,vottojo01,2013,0,NLS201307160,CIN,NL,1,3,votto,joey,joey votto,joey votto2013
959,phillbr01,2013,0,NLS201307160,CIN,NL,1,4,phillips,brandon,brandon phillips,brandon phillips2013
960,wrighda03,2013,0,NLS201307160,NYN,NL,1,5,wright,david,david wright,david wright2013
961,tulowtr01,2013,0,NLS201307160,COL,NL,1,6,tulowitzki,troy,troy tulowitzki,troy tulowitzki2013
962,gonzaca01,2013,0,NLS201307160,COL,NL,1,7,gonzalez,carlos,carlos gonzalez,carlos gonzalez2013
963,harpebr03,2013,0,NLS201307160,WAS,NL,1,8,harper,bryce,bryce harper,bryce harper2013
964,beltrca01,2013,0,NLS201307160,SLN,NL,1,9,beltran,carlos,carlos beltran,carlos beltran2013
965,cuddymi01,2013,0,NLS201307160,COL,NL,1,10,cuddyer,michael,michael cuddyer,michael cuddyer2013
966,alvarpe01,2013,0,NLS201307160,PIT,NL,1,,alvarez,pedro,pedro alvarez,pedro alvarez2013
967,browndo01,2013,0,NLS201307160,PHI,NL,1,,brown,domonic,domonic brown,domonic brown2013
969,cabreev01,2013,0,NLS201307160,SDN,NL,0,,cabrera,everth,everth cabrera,everth cabrera2013
970,carpema01,2013,0,NLS201307160,SLN,NL,1,,carpenter,matt,matt carpenter,matt carpenter2013
973,craigal01,2013,0,NLS201307160,SLN,NL,1,,craig,allen,allen craig,allen craig2013
975,freemfr01,2013,0,NLS201307160,ATL,NL,0,,freeman,freddie,freddie freeman,freddie freeman2013
976,goldspa01,2013,0,NLS201307160,ARI,NL,1,,goldschmidt,paul,paul goldschmidt,paul goldschmidt2013
977,gomezca01,2013,0,NLS201307160,MIL,NL,1,,gomez,carlos,carlos gomez,carlos gomez2013
983,mccanbr01,2013,0,NLS201307160,ATL,NL,0,,mccann,brian,brian mccann,brian mccann2013
984,mccutan01,2013,0,NLS201307160,PIT,NL,1,,mccutchen,andrew,andrew mccutchen,andrew mccutchen2013
986,poseybu01,2013,0,NLS201307160,SFN,NL,1,,posey,buster,buster posey,buster posey2013
988,scutama01,2013,0,NLS201307160,SFN,NL,0,,scutaro,marco,marco scutaro,marco scutaro2013
989,segurje01,2013,0,NLS201307160,MIL,NL,1,,segura,jean,jean segura,jean segura2013
994,perezsa02,2014,0,ALS201407150,KCA,AL,1,2,perez,salvador,salvador perez,salvador perez2014
995,cabremi01,2014,0,ALS201407150,DET,AL,1,3,cabrera,miguel,miguel cabrera,miguel cabrera2014
996,canoro01,2014,0,ALS201407150,SEA,AL,1,4,cano,robinson,robinson cano,robinson cano2014
997,donaljo02,2014,0,ALS201407150,OAK,AL,1,5,donaldson,josh,josh donaldson,josh donaldson2014
998,jeterde01,2014,0,ALS201407150,NYA,AL,1,6,jeter,derek,derek jeter,derek jeter2014
999,troutmi01,2014,0,ALS201407150,LAA,AL,1,7,trout,mike,mike trout,mike trout2014
1000,jonesad01,2014,0,ALS201407150,BAL,AL,1,8,jones,adam,adam jones,adam jones2014
1001,bautijo02,2014,0,ALS201407150,TOR,AL,1,9,bautista,jose,jose bautista,jose bautista2014
1002,cruzne02,2014,0,ALS201407150,BAL,AL,1,10,cruz,nelson,nelson cruz,nelson cruz2014
1003,abreujo02,2014,0,ALS201407150,CHA,AL,1,,abreu,jose,jose abreu,jose abreu2014
1004,altuvjo01,2014,0,ALS201407150,HOU,AL,1,,altuve,jose,jose altuve,jose altuve2014
1005,aybarer01,2014,0,ALS201407150,LAA,AL,1,,aybar,erick,erick aybar,erick aybar2014
1006,beltrad01,2014,0,ALS201407150,TEX,AL,1,,beltre,adrian,adrian beltre,adrian beltre2014
1008,brantmi02,2014,0,ALS201407150,CLE,AL,1,,brantley,michael,michael brantley,michael brantley2014
1010,cespeyo01,2014,0,ALS201407150,OAK,AL,1,,cespedes,yoenis,yoenis cespedes,yoenis cespedes2014
1013,encared01,2014,0,ALS201407150,TOR,AL,0,,encarnacion,edwin,edwin encarnacion,edwin encarnacion2014
1014,gordoal01,2014,0,ALS201407150,KCA,AL,0,,gordon,alex,alex gordon,alex gordon2014
1017,kinslia01,2014,0,ALS201407150,DET,AL,1,,kinsler,ian,ian kinsler,ian kinsler2014
1019,martivi01,2014,0,ALS201407150,DET,AL,0,,martinez,victor,victor martinez,victor martinez2014
1020,mossbr01,2014,0,ALS201407150,OAK,AL,1,,moss,brandon,brandon moss,brandon moss2014
1021,norride01,2014,0,ALS201407150,OAK,AL,1,,norris,derek,derek norris,derek norris2014
1024,ramiral03,2014,0,ALS201407150,CHA,AL,1,,ramirez,alexei,alexei ramirez,alexei ramirez2014
1028,seageky01,2014,0,ALS201407150,SEA,AL,1,,seager,kyle,kyle seager,kyle seager2014
1029,suzukku01,2014,0,ALS201407150,MIN,AL,1,,suzuki,kurt,kurt suzuki,kurt suzuki2014
1032,wietema01,2014,0,ALS201407150,BAL,AL,0,,wieters,matt,matt wieters,matt wieters2014
1034,lucrojo01,2014,0,ALS201407150,MIL,NL,1,2,lucroy,jonathan,jonathan lucroy,jonathan lucroy2014
1035,goldspa01,2014,0,ALS201407150,ARI,NL,1,3,goldschmidt,paul,paul goldschmidt,paul goldschmidt2014
1036,utleych01,2014,0,ALS201407150,PHI,NL,1,4,utley,chase,chase utley,chase utley2014
1037,ramirar01,2014,0,ALS201407150,MIL,NL,1,5,ramirez,aramis,aramis ramirez,aramis ramirez2014
1038,tulowtr01,2014,0,ALS201407150,COL,NL,1,6,tulowitzki,troy,troy tulowitzki,troy tulowitzki2014
1039,gomezca01,2014,0,ALS201407150,MIL,NL,1,7,gomez,carlos,carlos gomez,carlos gomez2014
1040,mccutan01,2014,0,ALS201407150,PIT,NL,1,8,mccutchen,andrew,andrew mccutchen,andrew mccutchen2014
1041,puigya01,2014,0,ALS201407150,LAN,NL,1,9,puig,yasiel,yasiel puig,yasiel puig2014
1042,stantmi03,2014,0,ALS201407150,MIA,NL,1,10,stanton,giancarlo,giancarlo stanton,giancarlo stanton2014
1044,blackch02,2014,0,ALS201407150,COL,NL,1,,blackmon,charlie,charlie blackmon,charlie blackmon2014
1046,carpema01,2014,0,ALS201407150,SLN,NL,0,,carpenter,matt,matt carpenter,matt carpenter2014
1047,castrst01,2014,0,ALS201407150,CHN,NL,1,,castro,starlin,starlin castro,starlin castro2014
1051,frazito01,2014,0,ALS201407150,CIN,NL,1,,frazier,todd,todd frazier,todd frazier2014
1052,freemfr01,2014,0,ALS201407150,ATL,NL,1,,freeman,freddie,freddie freeman,freddie freeman2014
1053,gordode01,2014,0,ALS201407150,LAN,NL,1,,strange-gordon,dee,dee strange-gordon,dee strange-gordon2014
1055,harrijo05,2014,0,ALS201407150,PIT,NL,1,,harrison,josh,josh harrison,josh harrison2014
1059,mesorde01,2014,0,ALS201407150,CIN,NL,1,,mesoraco,devin,devin mesoraco,devin mesoraco2014
1060,molinya01,2014,0,ALS201407150,SLN,NL,0,,molina,yadier,yadier molina,yadier molina2014
1061,montemi01,2014,0,ALS201407150,ARI,NL,1,,montero,miguel,miguel montero,miguel montero2014
1062,murphda08,2014,0,ALS201407150,NYN,NL,1,,murphy,daniel,daniel murphy,daniel murphy2014
1064,pencehu01,2014,0,ALS201407150,SFN,NL,1,,pence,hunter,hunter pence,hunter pence2014
1065,rizzoan01,2014,0,ALS201407150,CHN,NL,1,,rizzo,anthony,anthony rizzo,anthony rizzo2014
1075,perezsa02,2015,0,NLS201507140,KCA,AL,1,2,perez,salvador,salvador perez,salvador perez2015
1076,pujolal01,2015,0,NLS201507140,LAA,AL,1,3,pujols,albert,albert pujols,albert pujols2015
1077,altuvjo01,2015,0,NLS201507140,HOU,AL,1,4,altuve,jose,jose altuve,jose altuve2015
1078,donaljo02,2015,0,NLS201507140,TOR,AL,1,5,donaldson,josh,josh donaldson,josh donaldson2015
1079,escobal02,2015,0,NLS201507140,KCA,AL,1,6,escobar,alcides,alcides escobar,alcides escobar2015
1080,jonesad01,2015,0,NLS201507140,BAL,AL,1,7,jones,adam,adam jones,adam jones2015
1081,troutmi01,2015,0,NLS201507140,LAA,AL,1,8,trout,mike,mike trout,mike trout2015
1082,cainlo01,2015,0,NLS201507140,KCA,AL,1,9,cain,lorenzo,lorenzo cain,lorenzo cain2015
1083,cruzne02,2015,0,NLS201507140,SEA,AL,1,10,cruz,nelson,nelson cruz,nelson cruz2015
1085,bautijo02,2015,0,NLS201507140,TOR,AL,0,,bautista,jose,jose bautista,jose bautista2015
1089,cabremi01,2015,0,NLS201507140,DET,AL,0,,cabrera,miguel,miguel cabrera,miguel cabrera2015
1091,doziebr01,2015,0,NLS201507140,MIN,AL,1,,dozier,brian,brian dozier,brian dozier2015
1092,fieldpr01,2015,0,NLS201507140,TEX,AL,1,,fielder,prince,prince fielder,prince fielder2015
1093,gardnbr01,2015,0,NLS201507140,NYA,AL,1,,gardner,brett,brett gardner,brett gardner2015
1094,gordoal01,2015,0,NLS201507140,KCA,AL,0,,gordon,alex,alex gordon,alex gordon2015
1098,holtbr01,2015,0,NLS201507140,BOS,AL,1,,holt,brock,brock holt,brock holt2015
1099,iglesjo01,2015,0,NLS201507140,DET,AL,1,,iglesias,jose,jose iglesias,jose iglesias2015
1100,kipnija01,2015,0,NLS201507140,CLE,AL,1,,kipnis,jason,jason kipnis,jason kipnis2015
1101,machama01,2015,0,NLS201507140,BAL,AL,1,,machado,manny,manny machado,manny machado2015
1102,martijd02,2015,0,NLS201507140,DET,AL,1,,martinez,j. d.,j. d. martinez,j. d. martinez2015
1103,martiru01,2015,0,NLS201507140,TOR,AL,1,,martin,russell,russell martin,russell martin2015
1104,moustmi01,2015,0,NLS201507140,KCA,AL,1,,moustakas,mike,mike moustakas,mike moustakas2015
1110,teixema01,2015,0,NLS201507140,NYA,AL,1,,teixeira,mark,mark teixeira,mark teixeira2015
1111,vogtst01,2015,0,NLS201507140,OAK,AL,1,,vogt,stephen,stephen vogt,stephen vogt2015
1113,poseybu01,2015,0,NLS201507140,SFN,NL,1,2,posey,buster,buster posey,buster posey2015
1114,goldspa01,2015,0,NLS201507140,ARI,NL,1,3,goldschmidt,paul,paul goldschmidt,paul goldschmidt2015
1115,lemahdj01,2015,0,NLS201507140,COL,NL,1,4,lemahieu,dj,dj lemahieu,dj lemahieu2015
1116,frazito01,2015,0,NLS201507140,CIN,NL,1,5,frazier,todd,todd frazier,todd frazier2015
1117,peraljh01,2015,0,NLS201507140,SLN,NL,1,6,peralta,jhonny,jhonny peralta,jhonny peralta2015
1118,pederjo01,2015,0,NLS201507140,LAN,NL,1,7,pederson,joc,joc pederson,joc pederson2015
1119,mccutan01,2015,0,NLS201507140,PIT,NL,1,8,mccutchen,andrew,andrew mccutchen,andrew mccutchen2015
1120,harpebr03,2015,0,NLS201507140,WAS,NL,1,9,harper,bryce,bryce harper,bryce harper2015
1121,rizzoan01,2015,0,NLS201507140,CHN,NL,1,10,rizzo,anthony,anthony rizzo,anthony rizzo2015
1122,arenano01,2015,0,NLS201507140,COL,NL,1,,arenado,nolan,nolan arenado,nolan arenado2015
1123,braunry02,2015,0,NLS201507140,MIL,NL,1,,braun,ryan,ryan braun,ryan braun2015
1124,bryankr01,2015,0,NLS201507140,CHN,NL,1,,bryant,kris,kris bryant,kris bryant2015
1126,burneaj01,2015,0,NLS201507140,PIT,NL,0,,,,,2015
1129,crawfbr01,2015,0,NLS201507140,SFN,NL,1,,crawford,brandon,brandon crawford,brandon crawford2015
1131,gonzaad01,2015,0,NLS201507140,LAN,NL,1,,gonzalez,adrian,adrian gonzalez,adrian gonzalez2015
1132,gordode01,2015,0,NLS201507140,MIA,NL,0,,strange-gordon,dee,dee strange-gordon,dee strange-gordon2015
1133,grandya01,2015,0,NLS201507140,LAN,NL,1,,grandal,yasmani,yasmani grandal,yasmani grandal2015
1134,hollima01,2015,0,NLS201507140,SLN,NL,0,,holliday,matt,matt holliday,matt holliday2015
1139,molinya01,2015,0,NLS201507140,SLN,NL,1,,molina,yadier,yadier molina,yadier molina2015
1140,panikjo01,2015,0,NLS201507140,SFN,NL,1,,panik,joe,joe panik,joe panik2015
1142,polloaj01,2015,0,NLS201507140,ARI,NL,1,,pollock,aj,aj pollock,aj pollock2015
1146,stantmi03,2015,0,NLS201507140,MIA,NL,0,,stanton,giancarlo,giancarlo stanton,giancarlo stanton2015
1147,tulowtr01,2015,0,NLS201507140,COL,NL,1,,tulowitzki,troy,troy tulowitzki,troy tulowitzki2015
1148,uptonju01,2015,0,NLS201507140,SDN,NL,1,,upton,justin,justin upton,justin upton2015
1151,perezsa02,2016,0,ALS201607120,KCA,AL,1,2,perez,salvador,salvador perez,salvador perez2016
1152,hosmeer01,2016,0,ALS201607120,KCA,AL,1,3,hosmer,eric,eric hosmer,eric hosmer2016
1153,altuvjo01,2016,0,ALS201607120,HOU,AL,1,4,altuve,jose,jose altuve,jose altuve2016
1154,machama01,2016,0,ALS201607120,BAL,AL,1,5,machado,manny,manny machado,manny machado2016
1155,bogaexa01,2016,0,ALS201607120,BOS,AL,1,6,bogaerts,xander,xander bogaerts,xander bogaerts2016
1156,bradlja02,2016,0,ALS201607120,BOS,AL,1,7,bradley,jackie,jackie bradley,jackie bradley2016
1157,troutmi01,2016,0,ALS201607120,LAA,AL,1,8,trout,mike,mike trout,mike trout2016
1158,bettsmo01,2016,0,ALS201607120,BOS,AL,1,9,betts,mookie,mookie betts,mookie betts2016
1159,ortizda01,2016,0,ALS201607120,BOS,AL,1,10,ortiz,david,david ortiz,david ortiz2016
1160,beltrca01,2016,0,ALS201607120,NYA,AL,1,,beltran,carlos,carlos beltran,carlos beltran2016
1164,cabremi01,2016,0,ALS201607120,DET,AL,1,,cabrera,miguel,miguel cabrera,miguel cabrera2016
1165,canoro01,2016,0,ALS201607120,SEA,AL,1,,cano,robinson,robinson cano,robinson cano2016
1168,desmoia01,2016,0,ALS201607120,TEX,AL,1,,desmond,ian,ian desmond,ian desmond2016
1169,donaljo02,2016,0,ALS201607120,TOR,AL,1,,donaldson,josh,josh donaldson,josh donaldson2016
1170,encared01,2016,0,ALS201607120,TOR,AL,1,,encarnacion,edwin,edwin encarnacion,edwin encarnacion2016
1173,harriwi02,2016,0,ALS201607120,HOU,AL,1,,harris,willie,willie harris,willie harris2016
1177,lindofr01,2016,0,ALS201607120,CLE,AL,1,,lindor,francisco,francisco lindor,francisco lindor2016
1179,nunezed02,2016,0,ALS201607120,MIN,AL,1,,nunez,eduardo,eduardo nunez,eduardo nunez2016
1183,saundmi01,2016,0,ALS201607120,TOR,AL,1,,saunders,michael,michael saunders,michael saunders2016
1184,trumbma01,2016,0,ALS201607120,BAL,AL,1,,trumbo,mark,mark trumbo,mark trumbo2016
1185,vogtst01,2016,0,ALS201607120,OAK,AL,0,,vogt,stephen,stephen vogt,stephen vogt2016
1186,wietema01,2016,0,ALS201607120,BAL,AL,1,,wieters,matt,matt wieters,matt wieters2016
1189,poseybu01,2016,0,ALS201607120,SFN,NL,1,2,posey,buster,buster posey,buster posey2016
1190,rizzoan01,2016,0,ALS201607120,CHN,NL,1,3,rizzo,anthony,anthony rizzo,anthony rizzo2016
1191,zobribe01,2016,0,ALS201607120,CHN,NL,1,4,zobrist,ben,ben zobrist,ben zobrist2016
1192,bryankr01,2016,0,ALS201607120,CHN,NL,1,5,bryant,kris,kris bryant,kris bryant2016
1193,russead02,2016,0,ALS201607120,CHN,NL,1,6,russell,addison,addison russell,addison russell2016
1194,gonzaca01,2016,0,ALS201607120,COL,NL,1,7,gonzalez,carlos,carlos gonzalez,carlos gonzalez2016
1195,ozunama01,2016,0,ALS201607120,MIA,NL,1,8,ozuna,marcell,marcell ozuna,marcell ozuna2016
1196,harpebr03,2016,0,ALS201607120,WAS,NL,1,9,harper,bryce,bryce harper,bryce harper2016
1197,myerswi01,2016,0,ALS201607120,SDN,NL,1,10,myers,wil,wil myers,wil myers2016
1198,arenano01,2016,0,ALS201607120,COL,NL,1,,arenado,nolan,nolan arenado,nolan arenado2016
1200,beltbr01,2016,0,ALS201607120,SFN,NL,1,,belt,brandon,brandon belt,brandon belt2016
1201,bruceja01,2016,0,ALS201607120,CIN,NL,1,,bruce,jay,jay bruce,jay bruce2016
1203,carpema01,2016,0,ALS201607120,SLN,NL,0,,carpenter,matt,matt carpenter,matt carpenter2016
1204,cespeyo01,2016,0,ALS201607120,NYN,NL,0,,cespedes,yoenis,yoenis cespedes,yoenis cespedes2016
1206,diazal02,2016,0,ALS201607120,SLN,NL,1,,diaz,aledmys,aledmys diaz,aledmys diaz2016
1207,duvalad01,2016,0,ALS201607120,CIN,NL,1,,duvall,adam,adam duvall,adam duvall2016
1210,fowlede01,2016,0,ALS201607120,CHN,NL,0,,fowler,dexter,dexter fowler,dexter fowler2016
1211,goldspa01,2016,0,ALS201607120,ARI,NL,1,,goldschmidt,paul,paul goldschmidt,paul goldschmidt2016
1212,herreod01,2016,0,ALS201607120,PHI,NL,1,,herrera,odubel,odubel herrera,odubel herrera2016
1216,lucrojo01,2016,0,ALS201607120,MIL,NL,1,,lucroy,jonathan,jonathan lucroy,jonathan lucroy2016
1217,martest01,2016,0,ALS201607120,PIT,NL,1,,marte,starling,starling marte,starling marte2016
1219,murphda08,2016,0,ALS201607120,WAS,NL,1,,murphy,daniel,daniel murphy,daniel murphy2016
1222,ramoswi01,2016,0,ALS201607120,WAS,NL,1,,ramos,wilson,wilson ramos,wilson ramos2016
1225,seageco01,2016,0,ALS201607120,LAN,NL,1,,seager,corey,corey seager,corey seager2016
1230,perezsa02,2017,0,NLS201707110,KCA,AL,1,2,perez,salvador,salvador perez,salvador perez2017
1231,smoakju01,2017,0,NLS201707110,TOR,AL,1,3,smoak,justin,justin smoak,justin smoak2017
1232,altuvjo01,2017,0,NLS201707110,HOU,AL,1,4,altuve,jose,jose altuve,jose altuve2017
1234,correca01,2017,0,NLS201707110,HOU,AL,1,6,correa,carlos,carlos correa,carlos correa2017
1235,springe01,2017,0,NLS201707110,HOU,AL,1,7,springer,george,george springer,george springer2017
1236,bettsmo01,2017,0,NLS201707110,BOS,AL,1,8,betts,mookie,mookie betts,mookie betts2017
1237,judgeaa01,2017,0,NLS201707110,NYA,AL,1,9,judge,aaron,aaron judge,aaron judge2017
1238,dickeco01,2017,0,NLS201707110,TBA,AL,1,10,dickerson,corey,corey dickerson,corey dickerson2017
1239,alonsyo01,2017,0,NLS201707110,OAK,AL,1,,alonso,yonder,yonder alonso,yonder alonso2017
1242,brantmi02,2017,0,NLS201707110,CLE,AL,1,,brantley,michael,michael brantley,michael brantley2017
1243,canoro01,2017,0,NLS201707110,SEA,AL,1,,cano,robinson,robinson cano,robinson cano2017
1244,castrst01,2017,0,NLS201707110,NYA,AL,0,,castro,starlin,starlin castro,starlin castro2017
1245,cruzne02,2017,0,NLS201707110,SEA,AL,1,,cruz,nelson,nelson cruz,nelson cruz2017
1249,garciav01,2017,0,NLS201707110,CHA,AL,1,,garcia,avisail,avisail garcia,avisail garcia2017
1254,lindofr01,2017,0,NLS201707110,CLE,AL,1,,lindor,francisco,francisco lindor,francisco lindor2017
1255,mcculla02,2017,0,NLS201707110,HOU,AL,0,,mccullers,lance,lance mccullers,lance mccullers2017
1257,moustmi01,2017,0,NLS201707110,KCA,AL,1,,moustakas,mike,mike moustakas,mike moustakas2017
1259,sanchga02,2017,0,NLS201707110,NYA,AL,1,,sanchez,gary,gary sanchez,gary sanchez2017
1260,sanomi01,2017,0,NLS201707110,MIN,AL,1,,sano,miguel,miguel sano,miguel sano2017
1262,schoojo01,2017,0,NLS201707110,BAL,AL,1,,schoop,jonathan,jonathan schoop,jonathan schoop2017
1264,troutmi01,2017,0,NLS201707110,LAA,AL,0,,trout,mike,mike trout,mike trout2017
1265,uptonju01,2017,0,NLS201707110,DET,AL,1,,upton,justin,justin upton,justin upton2017
1268,poseybu01,2017,0,NLS201707110,SFN,NL,1,2,posey,buster,buster posey,buster posey2017
1269,zimmery01,2017,0,NLS201707110,WAS,NL,1,3,zimmerman,ryan,ryan zimmerman,ryan zimmerman2017
1270,murphda08,2017,0,NLS201707110,WAS,NL,1,4,murphy,daniel,daniel murphy,daniel murphy2017
1271,arenano01,2017,0,NLS201707110,COL,NL,1,5,arenado,nolan,nolan arenado,nolan arenado2017
1272,cozarza01,2017,0,NLS201707110,CIN,NL,1,6,cozart,zack,zack cozart,zack cozart2017
1273,ozunama01,2017,0,NLS201707110,MIA,NL,1,7,ozuna,marcell,marcell ozuna,marcell ozuna2017
1274,blackch02,2017,0,NLS201707110,COL,NL,1,8,blackmon,charlie,charlie blackmon,charlie blackmon2017
1275,harpebr03,2017,0,NLS201707110,WAS,NL,1,9,harper,bryce,bryce harper,bryce harper2017
1276,stantmi03,2017,0,NLS201707110,MIA,NL,1,10,stanton,giancarlo,giancarlo stanton,giancarlo stanton2017
1277,bellico01,2017,0,NLS201707110,LAN,NL,1,,bellinger,cody,cody bellinger,cody bellinger2017
1278,confomi01,2017,0,NLS201707110,NYN,NL,1,,conforto,michael,michael conforto,michael conforto2017
1280,goldspa01,2017,0,NLS201707110,ARI,NL,1,,goldschmidt,paul,paul goldschmidt,paul goldschmidt2017
1283,harrijo05,2017,0,NLS201707110,PIT,NL,1,,harrison,josh,josh harrison,josh harrison2017
1285,inciaen01,2017,0,NLS201707110,ATL,NL,1,,inciarte,ender,ender inciarte,ender inciarte2017
1289,lambja01,2017,0,NLS201707110,ARI,NL,1,,lamb,jake,jake lamb,jake lamb2017
1290,lemahdj01,2017,0,NLS201707110,COL,NL,0,,lemahieu,dj,dj lemahieu,dj lemahieu2017
1292,molinya01,2017,0,NLS201707110,SLN,NL,1,,molina,yadier,yadier molina,yadier molina2017
1295,seageco01,2017,0,NLS201707110,LAN,NL,1,,seager,corey,corey seager,corey seager2017
1297,turneju01,2017,0,NLS201707110,LAN,NL,1,,turner,justin,justin turner,justin turner2017
1298,vottojo01,2017,0,NLS201707110,CIN,NL,1,,votto,joey,joey votto,joey votto2017
1301,perezsa02,2018,0,NLS201807170,KCA,AL,1,2,perez,salvador,salvador perez,salvador perez2018
1302,abreujo02,2018,0,NLS201807170,CHA,AL,1,3,abreu,jose,jose abreu,jose abreu2018
1303,altuvjo01,2018,0,NLS201807170,HOU,AL,1,4,altuve,jose,jose altuve,jose altuve2018
1304,ramirjo01,2018,0,NLS201807170,CLE,AL,1,5,ramirez,jose,jose ramirez,jose ramirez2018
1305,machama01,2018,0,NLS201807170,BAL,AL,1,6,machado,manny,manny machado,manny machado2018
1306,judgeaa01,2018,0,NLS201807170,NYA,AL,1,7,judge,aaron,aaron judge,aaron judge2018
1307,troutmi01,2018,0,NLS201807170,LAA,AL,1,8,trout,mike,mike trout,mike trout2018
1308,bettsmo01,2018,0,NLS201807170,BOS,AL,1,9,betts,mookie,mookie betts,mookie betts2018
1309,martijd02,2018,0,NLS201807170,BOS,AL,1,10,martinez,j. d.,j. d. martinez,j. d. martinez2018
1312,brantmi02,2018,0,NLS201807170,CLE,AL,1,,brantley,michael,michael brantley,michael brantley2018
1313,bregmal01,2018,0,NLS201807170,HOU,AL,1,,bregman,alex,alex bregman,alex bregman2018
1315,choosh01,2018,0,NLS201807170,TEX,AL,1,,choo,shin-soo,shin-soo choo,shin-soo choo2018
1317,cruzne02,2018,0,NLS201807170,SEA,AL,1,,cruz,nelson,nelson cruz,nelson cruz2018
1319,gomesya01,2018,0,NLS201807170,CLE,AL,1,,gomes,yan,yan gomes,yan gomes2018
1320,hanigmi01,2018,0,NLS201807170,SEA,AL,1,,haniger,mitch,mitch haniger,mitch haniger2018
1321,happja01,2018,0,NLS201807170,TOR,AL,1,,happ,j. a.,j. a. happ,j. a. happ2018
1325,lindofr01,2018,0,NLS201807170,CLE,AL,1,,lindor,francisco,francisco lindor,francisco lindor2018
1326,lowrije01,2018,0,NLS201807170,OAK,AL,1,,lowrie,jed,jed lowrie,jed lowrie2018
1327,morelmi01,2018,0,NLS201807170,BOS,AL,1,,moreland,mitch,mitch moreland,mitch moreland2018
1329,ramoswi01,2018,0,NLS201807170,TBA,AL,0,,ramos,wilson,wilson ramos,wilson ramos2018
1330,segurje01,2018,0,NLS201807170,SEA,AL,1,,segura,jean,jean segura,jean segura2018
1333,springe01,2018,0,NLS201807170,HOU,AL,1,,springer,george,george springer,george springer2018
1334,torregl01,2018,0,NLS201807170,NYA,AL,0,,torres,gleyber,gleyber torres,gleyber torres2018
1338,contrwi01,2018,0,NLS201807170,CHN,NL,1,2,contreras,willson,willson contreras,willson contreras2018
1339,freemfr01,2018,0,NLS201807170,ATL,NL,1,3,freeman,freddie,freddie freeman,freddie freeman2018
1340,baezja01,2018,0,NLS201807170,CHN,NL,1,4,baez,javier,javier baez,javier baez2018
1341,arenano01,2018,0,NLS201807170,COL,NL,1,5,arenado,nolan,nolan arenado,nolan arenado2018
1342,crawfbr01,2018,0,NLS201807170,SFN,NL,1,6,crawford,brandon,brandon crawford,brandon crawford2018
1343,kempma01,2018,0,NLS201807170,LAN,NL,1,7,kemp,matt,matt kemp,matt kemp2018
1344,harpebr03,2018,0,NLS201807170,WAS,NL,1,8,harper,bryce,bryce harper,bryce harper2018
1345,markani01,2018,0,NLS201807170,ATL,NL,1,9,markakis,nick,nick markakis,nick markakis2018
1346,goldspa01,2018,0,NLS201807170,ARI,NL,1,10,goldschmidt,paul,paul goldschmidt,paul goldschmidt2018
1347,aguilje01,2018,0,NLS201807170,MIL,NL,1,,aguilar,jesus,jesus aguilar,jesus aguilar2018
1348,albieoz01,2018,0,NLS201807170,ATL,NL,1,,albies,ozzie,ozzie albies,ozzie albies2018
1349,blackch02,2018,0,NLS201807170,COL,NL,1,,blackmon,charlie,charlie blackmon,charlie blackmon2018
1350,cainlo01,2018,0,NLS201807170,MIL,NL,1,,cain,lorenzo,lorenzo cain,lorenzo cain2018
1355,gennesc01,2018,0,NLS201807170,CIN,NL,1,,gennett,scooter,scooter gennett,scooter gennett2018
1362,molinya01,2018,0,NLS201807170,SLN,NL,1,,molina,yadier,yadier molina,yadier molina2018
1364,poseybu01,2018,0,NLS201807170,SFN,NL,0,,posey,buster,buster posey,buster posey2018
1365,realmjt01,2018,0,NLS201807170,MIA,NL,1,,realmuto,j. t.,j. t. realmuto,j. t. realmuto2018
1367,storytr01,2018,0,NLS201807170,COL,NL,1,,story,trevor,trevor story,trevor story2018
1369,suareeu01,2018,0,NLS201807170,CIN,NL,1,,suarez,eugenio,eugenio suarez,eugenio suarez2018
1370,vottojo01,2018,0,NLS201807170,CIN,NL,1,,votto,joey,joey votto,joey votto2018
1371,yelicch01,2018,0,NLS201807170,MIL,NL,1,,yelich,christian,christian yelich,christian yelich2018
1373,sanchga02,2019,0,ALS201907090,NYA,AL,1,2,sanchez,gary,gary sanchez,gary sanchez2019
1374,santaca01,2019,0,ALS201907090,CLE,AL,1,3,santana,carlos,carlos santana,carlos santana2019
1375,lemahdj01,2019,0,ALS201907090,NYA,AL,1,4,lemahieu,dj,dj lemahieu,dj lemahieu2019
1376,bregmal01,2019,0,ALS201907090,HOU,AL,1,5,bregman,alex,alex bregman,alex bregman2019
1377,polanjo01,2019,0,ALS201907090,MIN,AL,1,6,polanco,jorge,jorge polanco,jorge polanco2019
1378,brantmi02,2019,0,ALS201907090,HOU,AL,1,7,brantley,michael,michael brantley,michael brantley2019
1379,troutmi01,2019,0,ALS201907090,LAA,AL,1,8,trout,mike,mike trout,mike trout2019
1380,springe01,2019,0,ALS201907090,HOU,AL,1,9,springer,george,george springer,george springer2019
1381,martijd02,2019,0,ALS201907090,BOS,AL,1,10,martinez,j. d.,j. d. martinez,j. d. martinez2019
1382,abreujo02,2019,0,ALS201907090,CHA,AL,1,,abreu,jose,jose abreu,jose abreu2019
1384,bettsmo01,2019,0,ALS201907090,BOS,AL,1,,betts,mookie,mookie betts,mookie betts2019
1386,bogaexa01,2019,0,ALS201907090,BOS,AL,1,,bogaerts,xander,xander bogaerts,xander bogaerts2019
1388,chapmma01,2019,0,ALS201907090,OAK,AL,1,,chapman,matt,matt chapman,matt chapman2019
1390,gallojo01,2019,0,ALS201907090,TEX,AL,1,,gallo,joey,joey gallo,joey gallo2019
1395,lasteto01,2019,0,ALS201907090,LAA,AL,0,,la stella,tommy,tommy la stella,tommy la stella2019
1396,lindofr01,2019,0,ALS201907090,CLE,AL,1,,lindor,francisco,francisco lindor,francisco lindor2019
1397,lowebr01,2019,0,ALS201907090,TBA,AL,0,,lowe,brandon,brandon lowe,brandon lowe2019
1398,mccanja02,2019,0,ALS201907090,CHA,AL,1,,mccann,james,james mccann,james mccann2019
1399,meadoau01,2019,0,ALS201907090,TBA,AL,1,,meadows,austin,austin meadows,austin meadows2019
1401,merriwh01,2019,0,ALS201907090,KCA,AL,1,,merrifield,whit,whit merrifield,whit merrifield2019
1404,pencehu01,2019,0,ALS201907090,TEX,AL,0,,pence,hunter,hunter pence,hunter pence2019
1407,torregl01,2019,0,ALS201907090,NYA,AL,1,,torres,gleyber,gleyber torres,gleyber torres2019
1408,vogelda01,2019,0,ALS201907090,SEA,AL,1,,vogelbach,dan,dan vogelbach,dan vogelbach2019
1409,ryuhy01,2019,0,ALS201907090,LAN,NL,1,1,ryu,hyun jin,hyun jin ryu,hyun jin ryu2019
1410,contrwi01,2019,0,ALS201907090,CHN,NL,1,2,contreras,willson,willson contreras,willson contreras2019
1411,freemfr01,2019,0,ALS201907090,ATL,NL,1,3,freeman,freddie,freddie freeman,freddie freeman2019
1412,marteke01,2019,0,ALS201907090,ARI,NL,1,4,marte,ketel,ketel marte,ketel marte2019
1413,arenano01,2019,0,ALS201907090,COL,NL,1,5,arenado,nolan,nolan arenado,nolan arenado2019
1414,baezja01,2019,0,ALS201907090,CHN,NL,1,6,baez,javier,javier baez,javier baez2019
1415,yelicch01,2019,0,ALS201907090,MIL,NL,1,7,yelich,christian,christian yelich,christian yelich2019
1416,acunaro01,2019,0,ALS201907090,ATL,NL,1,8,acuna,ronald,ronald acuna,ronald acuna2019
1417,bellico01,2019,0,ALS201907090,LAN,NL,1,9,bellinger,cody,cody bellinger,cody bellinger2019
1418,belljo02,2019,0,ALS201907090,PIT,NL,1,10,bell,josh,josh bell,josh bell2019
1420,alonspe01,2019,0,ALS201907090,NYN,NL,1,,alonso,pete,pete alonso,pete alonso2019
1421,blackch02,2019,0,ALS201907090,COL,NL,1,,blackmon,charlie,charlie blackmon,charlie blackmon2019
1422,bryankr01,2019,0,ALS201907090,CHN,NL,1,,bryant,kris,kris bryant,kris bryant2019
1425,dahlda01,2019,0,ALS201907090,COL,NL,1,,dahl,david,david dahl,david dahl2019
1427,dejonpa01,2019,0,ALS201907090,SLN,NL,1,,dejong,paul,paul dejong,paul dejong2019
1428,grandya01,2019,0,ALS201907090,MIL,NL,1,,grandal,yasmani,yasmani grandal,yasmani grandal2019
1432,mcneije01,2019,0,ALS201907090,NYN,NL,1,,mcneil,jeff,jeff mcneil,jeff mcneil2019
1433,moustmi01,2019,0,ALS201907090,MIL,NL,1,,moustakas,mike,mike moustakas,mike moustakas2019
1434,muncyma01,2019,0,ALS201907090,LAN,NL,1,,muncy,max,max muncy,max muncy2019
1435,realmjt01,2019,0,ALS201907090,PHI,NL,1,,realmuto,j. t.,j. t. realmuto,j. t. realmuto2019
1436,rendoan01,2019,0,ALS201907090,WAS,NL,0,,rendon,anthony,anthony rendon,anthony rendon2019
1440,sorokmi01,2019,0,ALS201907090,ATL,NL,1,,soroka,michael,michael soroka,michael soroka2019
1441,storytr01,2019,0,ALS201907090,COL,NL,1,,story,trevor,trevor story,trevor story2019
